"Protein Group","Accession","Description","logFC","AveExpr","t","P.Value","adj.P.Val","B"
5,"P07355|ANXA2_HUMAN","Annexin A2 OS=Homo sapiens GN=ANXA2 PE=1 SV=2",13.6690980229952,10.4538255524202,20.0830074970395,7.69755320680923e-09,7.18424280815886e-08,8.60215528110395
17,"P63244|GBLP_HUMAN","Guanine nucleotide-binding protein subunit beta-2-like 1 OS=Homo sapiens GN=GNB2L1 PE=1 SV=3",13.2142974442018,10.2264252630236,21.8242316190094,3.66672938347468e-09,6.01078257329327e-08,8.92602056908038
1,"P49327|FAS_HUMAN","Fatty acid synthase OS=Homo sapiens GN=FASN PE=1 SV=3",12.9046360361978,10.0715945590216,21.7335163962855,3.805715525138e-09,6.01078257329327e-08,8.91052829278808
5,"A6NMY6|AXA2L_HUMAN","Putative annexin A2-like protein OS=Homo sapiens GN=ANXA2P2 PE=5 SV=2",12.4277762443787,9.83316466311201,19.8212254960062,8.65132974832157e-09,7.18424280815886e-08,8.54821907990278
45,"O00299|CLIC1_HUMAN","Chloride intracellular channel protein 1 OS=Homo sapiens GN=CLIC1 PE=1 SV=4",11.9532732500559,9.59591316595059,21.6080035321392,4.00773852021485e-09,6.01078257329327e-08,8.88885888454759
61,"P08865|RSSA_HUMAN","40S ribosomal protein SA OS=Homo sapiens GN=RPSA PE=1 SV=4",11.6640360023749,9.45129454211011,19.6901745771362,9.17742404384856e-09,7.43558641919975e-08,8.52065461030689
140,"Q14739|LBR_HUMAN","Lamin-B receptor OS=Homo sapiens GN=LBR PE=1 SV=2",10.4573795601674,8.84796632100633,16.535938549383,4.31145290939901e-08,2.44520972147344e-07,7.72394513841679
30,"P12236|ADT3_HUMAN","ADP/ATP translocase 3 OS=Homo sapiens GN=SLC25A6 PE=1 SV=4",10.6673946619211,8.95297387188321,22.4103351542195,2.89351241955943e-09,5.22147468438679e-08,9.02280025341753
118,"P11166|GTR1_HUMAN","Solute carrier family 2, facilitated glucose transporter member 1 OS=Homo sapiens GN=SLC2A1 PE=1 SV=2",10.7060734618467,8.97231327184598,18.5259912119506,1.57732829575837e-08,1.15962839521495e-07,8.25811385885573
91,"Q15907|RB11B_HUMAN","Ras-related protein Rab-11B OS=Homo sapiens GN=RAB11B PE=1 SV=4",10.9678231041228,9.10318809298404,20.8222546868518,5.57766268723645e-09,6.16206483494393e-08,8.74675015294969
91,"P62491|RB11A_HUMAN","Ras-related protein Rab-11A OS=Homo sapiens GN=RAB11A PE=1 SV=3",10.905693668225,9.07212337503516,20.6042655169894,6.12636705493709e-09,6.57342627245953e-08,8.70525747229063
135,"Q8TCT9|HM13_HUMAN","Minor histocompatibility antigen H13 OS=Homo sapiens GN=HM13 PE=1 SV=1",10.1129715766277,8.67576232923652,14.0975092538223,1.74851252764552e-07,7.46408035994917e-07,6.87902613923853
20,"P26038|MOES_HUMAN","Moesin OS=Homo sapiens GN=MSN PE=1 SV=3",10.0955625886445,8.66705783524488,15.9152637801221,6.03979192881447e-08,2.92368430710144e-07,7.53122325376291
67,"Q3ZCQ8|TIM50_HUMAN","Mitochondrial import inner membrane translocase subunit TIM50 OS=Homo sapiens GN=TIMM50 PE=1 SV=2",9.9796065847854,8.60907983331535,17.5309676083669,2.57274442104225e-08,1.62123735738694e-07,8.00583327169438
80,"Q02978|M2OM_HUMAN","Mitochondrial 2-oxoglutarate/malate carrier protein OS=Homo sapiens GN=SLC25A11 PE=1 SV=3",10.0498148577908,8.64418396981806,19.0215508127433,1.24774063903929e-08,9.52601987881921e-08,8.37389099434368
74,"Q8WVX9|FACR1_HUMAN","Fatty acyl-CoA reductase 1 OS=Homo sapiens GN=FAR1 PE=1 SV=1",10.0621300424253,8.65034156213529,24.2391717134058,1.43372089952917e-09,5.10273404472283e-08,9.29142232116616
77,"Q96HS1|PGAM5_HUMAN","Serine/threonine-protein phosphatase PGAM5, mitochondrial OS=Homo sapiens GN=PGAM5 PE=1 SV=2",10.1726561301074,8.70560460597635,19.3861682627391,1.05397376337679e-08,8.20446243256047e-08,8.4552197933856
363,"P61803|DAD1_HUMAN","Dolichyl-diphosphooligosaccharide--protein glycosyltransferase subunit DAD1 OS=Homo sapiens GN=DAD1 PE=1 SV=3",9.96290571699945,8.60072939942237,24.5476460919668,1.28008661089192e-09,5.10273404472283e-08,9.33227115804615
158,"Q9UBM7|DHCR7_HUMAN","7-dehydrocholesterol reductase OS=Homo sapiens GN=DHCR7 PE=1 SV=1",9.72741346869483,8.48298327527007,20.4041604320703,6.68308966566701e-09,6.80304255710205e-08,8.66633714106676
157,"P00403|COX2_HUMAN","Cytochrome c oxidase subunit 2 OS=Homo sapiens GN=MT-CO2 PE=1 SV=1",10.0053453244063,8.62194920312579,25.1928925094637,1.01435725364165e-09,5.10273404472283e-08,9.41399312795402
42,"Q13423|NNTM_HUMAN","NAD(P) transhydrogenase, mitochondrial OS=Homo sapiens GN=NNT PE=1 SV=3",9.54343684322882,8.39099496253706,16.9212019217502,3.51828724143035e-08,2.08471646992217e-07,7.83686304262719
124,"O60884|DNJA2_HUMAN","DnaJ homolog subfamily A member 2 OS=Homo sapiens GN=DNAJA2 PE=1 SV=1",7.44516189518861,7.34185748851696,3.53062575199229,0.00721432699182443,0.0125263151172953,-2.28018525864656
151,"Q14344|GNA13_HUMAN","Guanine nucleotide-binding protein subunit alpha-13 OS=Homo sapiens GN=GNA13 PE=1 SV=2",9.87071907499401,8.55463607841966,21.5276387188116,4.14332043642434e-09,6.01078257329327e-08,8.87483945818543
71,"Q9H9B4|SFXN1_HUMAN","Sideroflexin-1 OS=Homo sapiens GN=SFXN1 PE=1 SV=4",9.52934862356016,8.38395085270273,15.3089633900136,8.49747404071218e-08,3.96882022842675e-07,7.32908137366699
69,"Q9NQC3|RTN4_HUMAN","Reticulon-4 OS=Homo sapiens GN=RTN4 PE=1 SV=2",9.74877986697329,8.4936664744093,20.5334672032318,6.31723860891778e-09,6.5998519151062e-08,8.69157937631395
111,"Q8WUD1|RAB2B_HUMAN","Ras-related protein Rab-2B OS=Homo sapiens GN=RAB2B PE=1 SV=1",9.87168105728381,8.55511706956456,24.0641665139428,1.5298993710054e-09,5.10273404472283e-08,9.26771274419955
26,"Q9P2E9|RRBP1_HUMAN","Ribosome-binding protein 1 OS=Homo sapiens GN=RRBP1 PE=1 SV=4",9.85655936285311,8.5475562223492,22.6887808943159,2.59101728396734e-09,5.22147468438679e-08,9.0668444591196
107,"P60953|CDC42_HUMAN","Cell division control protein 42 homolog OS=Homo sapiens GN=CDC42 PE=1 SV=2",9.23075391461059,8.23465349822795,13.5904244342402,2.40592200506765e-07,9.64799026274604e-07,6.67022994426938
31,"O94826|TOM70_HUMAN","Mitochondrial import receptor subunit TOM70 OS=Homo sapiens GN=TOMM70A PE=1 SV=1",7.35485777329099,7.29670542756814,3.51861449388215,0.00734559409057756,0.0126242461210359,-2.29786660609896
94,"Q6PIU2|NCEH1_HUMAN","Neutral cholesterol ester hydrolase 1 OS=Homo sapiens GN=NCEH1 PE=1 SV=3",9.48759748901281,8.36307528542905,20.1288649284072,7.54278030045882e-09,7.18424280815886e-08,8.61145201449918
68,"Q01518|CAP1_HUMAN","Adenylyl cyclase-associated protein 1 OS=Homo sapiens GN=CAP1 PE=1 SV=5",9.29510236535078,8.26682772359804,19.6055608989704,9.53588683502129e-09,7.57149414700691e-08,8.50265359362393
79,"Q9Y5M8|SRPRB_HUMAN","Signal recognition particle receptor subunit beta OS=Homo sapiens GN=SRPRB PE=1 SV=3",9.6439770069742,8.44126504440975,25.717437974394,8.43113152824822e-10,5.10273404472283e-08,9.47692342652473
27,"O60488|ACSL4_HUMAN","Long-chain-fatty-acid--CoA ligase 4 OS=Homo sapiens GN=ACSL4 PE=1 SV=2",8.8338519389409,8.0362025103931,11.7747030532867,8.30801440061034e-07,2.65990461051799e-06,5.80500923731284
151,"Q03113|GNA12_HUMAN","Guanine nucleotide-binding protein subunit alpha-12 OS=Homo sapiens GN=GNA12 PE=1 SV=4",9.46259365902236,8.35057337043383,22.851021265855,2.43103226341673e-09,5.22147468438679e-08,9.0919569050794
54,"P16144|ITB4_HUMAN","Integrin beta-4 OS=Homo sapiens GN=ITGB4 PE=1 SV=5",9.11229187027651,8.17542247606091,14.0515906769703,1.79899708059489e-07,7.5978919254912e-07,6.86064531243078
55,"O60313|OPA1_HUMAN","Dynamin-like 120 kDa protein, mitochondrial OS=Homo sapiens GN=OPA1 PE=1 SV=3",8.70618875970746,7.97237092077638,12.455665676665,5.12159259581417e-07,1.73783953892156e-06,6.15283709223138
84,"Q8TC12|RDH11_HUMAN","Retinol dehydrogenase 11 OS=Homo sapiens GN=RDH11 PE=1 SV=2",9.38783800659407,8.31319554421969,24.7855928502011,1.17402702510673e-09,5.10273404472283e-08,9.36298148042178
177,"Q9Y320|TMX2_HUMAN","Thioredoxin-related transmembrane protein 2 OS=Homo sapiens GN=TMX2 PE=1 SV=1",9.22917664915421,8.23386486549976,16.4820687688823,4.43734678205674e-08,2.48098119969704e-07,7.70775759281572
427,"Q15125|EBP_HUMAN","3-beta-hydroxysteroid-Delta(8),Delta(7)-isomerase OS=Homo sapiens GN=EBP PE=1 SV=3",4.68804471970504,5.96329890077517,2.03802151546351,0.0716946916250496,0.0918154599198217,-4.51449057166294
133,"Q9BTV4|TMM43_HUMAN","Transmembrane protein 43 OS=Homo sapiens GN=TMEM43 PE=1 SV=1",8.48468036933128,7.86161672558829,9.20459964065916,6.64239721718226e-06,1.74637860610686e-05,4.17604383427031
37,"P12235|ADT1_HUMAN","ADP/ATP translocase 1 OS=Homo sapiens GN=SLC25A4 PE=1 SV=4",9.09393132571321,8.16624220377926,19.9429536604746,8.19245321436964e-09,7.18424280815886e-08,8.57348386430809
136,"Q9NZ01|TECR_HUMAN","Very-long-chain enoyl-CoA reductase OS=Homo sapiens GN=TECR PE=1 SV=1",8.9973779044334,8.11796549313935,21.3193939589524,4.51890615863746e-09,6.01078257329327e-08,8.83797693732658
47,"O95573|ACSL3_HUMAN","Long-chain-fatty-acid--CoA ligase 3 OS=Homo sapiens GN=ACSL3 PE=1 SV=3",9.20302128061483,8.22078718123006,15.3188092831092,8.44964757015928e-08,3.96882022842675e-07,7.33248001221885
49,"Q9NXF1|TEX10_HUMAN","Testis-expressed sequence 10 protein OS=Homo sapiens GN=TEX10 PE=1 SV=2",8.43962680157358,7.83908994170944,10.4080828318814,2.37529642100483e-06,6.78411999380516e-06,5.00773463958174
64,"O75955|FLOT1_HUMAN","Flotillin-1 OS=Homo sapiens GN=FLOT1 PE=1 SV=3",9.10248316899973,8.17051812542252,21.1065838511226,4.942114727457e-09,6.01078257329327e-08,8.79949200419528
4,"Q13733|AT1A4_HUMAN","Sodium/potassium-transporting ATPase subunit alpha-4 OS=Homo sapiens GN=ATP1A4 PE=1 SV=3",8.48235180104122,7.86045244144326,10.7149996383187,1.85735216646146e-06,5.50275231406867e-06,5.19937124037699
56,"P28288|ABCD3_HUMAN","ATP-binding cassette sub-family D member 3 OS=Homo sapiens GN=ABCD3 PE=1 SV=1",9.25932035870386,8.24893672027458,16.3269147986041,4.82325992246945e-08,2.58761376921672e-07,7.66057297303524
95,"Q15005|SPCS2_HUMAN","Signal peptidase complex subunit 2 OS=Homo sapiens GN=SPCS2 PE=1 SV=3",8.89366370186675,8.06610839185602,18.7143145075139,1.44189640650864e-08,1.0800620252527e-07,8.302844373422
120,"Q14318|FKBP8_HUMAN","Peptidyl-prolyl cis-trans isomerase FKBP8 OS=Homo sapiens GN=FKBP8 PE=1 SV=2",8.86429367201551,8.0514233769304,22.9725449304476,2.31836703992283e-09,5.22147468438679e-08,9.11050749975536
164,"P37268|FDFT_HUMAN","Squalene synthase OS=Homo sapiens GN=FDFT1 PE=1 SV=1",8.83042269239393,8.03448788711962,16.1517617677687,5.30416669535715e-08,2.73474568578804e-07,7.60628610765986
303,"Q9H3K2|GHITM_HUMAN","Growth hormone-inducible transmembrane protein OS=Homo sapiens GN=GHITM PE=1 SV=2",8.56760458316759,7.90307883250645,14.098607759882,1.74732412968809e-07,7.46408035994917e-07,6.8794646094823
112,"P53007|TXTP_HUMAN","Tricarboxylate transport protein, mitochondrial OS=Homo sapiens GN=SLC25A1 PE=1 SV=2",9.07808187624843,8.15831747904687,28.1839252108249,3.70275801822189e-10,5.10273404472283e-08,9.73607761416389
105,"P46977|STT3A_HUMAN","Dolichyl-diphosphooligosaccharide--protein glycosyltransferase subunit STT3A OS=Homo sapiens GN=STT3A PE=1 SV=2",8.63354787288943,7.93605047736737,13.3306665552043,2.84532548784132e-07,1.06565492327642e-06,6.55814197863083
183,"Q9Y3B3|TMED7_HUMAN","Transmembrane emp24 domain-containing protein 7 OS=Homo sapiens GN=TMED7 PE=1 SV=2",8.89091862375002,8.06473585279766,21.0103452258824,5.14777348846275e-09,6.01078257329327e-08,8.78181182777242
148,"O14828|SCAM3_HUMAN","Secretory carrier-associated membrane protein 3 OS=Homo sapiens GN=SCAMP3 PE=1 SV=3",6.077420707472,6.65798689465865,3.3676113422074,0.00817550965651745,0.0137528700577857,-2.44528792105084
100,"O75844|FACE1_HUMAN","CAAX prenyl protease 1 homolog OS=Homo sapiens GN=ZMPSTE24 PE=1 SV=2",8.63854597264608,7.93854952724569,11.4691065114914,1.04068480438823e-06,3.27898307414387e-06,5.63879961753049
143,"P53985|MOT1_HUMAN","Monocarboxylate transporter 1 OS=Homo sapiens GN=SLC16A1 PE=1 SV=3",8.53350405211908,7.88602856698219,12.039400843547,6.8639307540633e-07,2.23359058144519e-06,5.9438047379533
24,"Q93084|AT2A3_HUMAN","Sarcoplasmic/endoplasmic reticulum calcium ATPase 3 OS=Homo sapiens GN=ATP2A3 PE=1 SV=2",6.35851207334667,6.79853257759599,3.48409386635898,0.00679314072380515,0.0119861194104473,-2.26489789761828
205,"O14672|ADA10_HUMAN","Disintegrin and metalloproteinase domain-containing protein 10 OS=Homo sapiens GN=ADAM10 PE=1 SV=1",8.88844454442738,8.06349881313634,23.322894998058,2.02467107736873e-09,5.22147468438679e-08,9.16277597026111
188,"Q01628|IFM3_HUMAN","Interferon-induced transmembrane protein 3 OS=Homo sapiens GN=IFITM3 PE=1 SV=2",8.64729531735506,7.94292419960018,21.1051699043622,4.94506957756216e-09,6.01078257329327e-08,8.79923350187714
104,"Q96TA2|YMEL1_HUMAN","ATP-dependent zinc metalloprotease YME1L1 OS=Homo sapiens GN=YME1L1 PE=1 SV=2",8.14012620544711,7.6893396436462,12.5041575199064,4.95267633592687e-07,1.7247478117219e-06,6.17647982153012
122,"Q96QD8|S38A2_HUMAN","Sodium-coupled neutral amino acid transporter 2 OS=Homo sapiens GN=SLC38A2 PE=1 SV=2",8.44176658013497,7.84015983099013,13.4015378323642,2.71724029439417e-07,1.06208923945459e-06,6.58908025735688
188,"Q01629|IFM2_HUMAN","Interferon-induced transmembrane protein 2 OS=Homo sapiens GN=IFITM2 PE=1 SV=2",8.63009764411687,7.93432536298108,21.0731745548963,5.0124591991448e-09,6.01078257329327e-08,8.79337401793708
188,"P13164|IFM1_HUMAN","Interferon-induced transmembrane protein 1 OS=Homo sapiens GN=IFITM1 PE=1 SV=3",8.63009764411687,7.93432536298108,21.0731745548963,5.0124591991448e-09,6.01078257329327e-08,8.79337401793708
233,"P61077|UB2D3_HUMAN","Ubiquitin-conjugating enzyme E2 D3 OS=Homo sapiens GN=UBE2D3 PE=1 SV=1",6.7292650103718,6.98390904610855,3.59678518996174,0.00580661122235884,0.0105744250242039,-2.10539441287385
180,"Q8WY22|BRI3B_HUMAN","BRI3-binding protein OS=Homo sapiens GN=BRI3BP PE=1 SV=1",8.72536501849078,7.98195905016804,22.959665635897,2.33002891669873e-09,5.22147468438679e-08,9.10855188869827
90,"Q15738|NSDHL_HUMAN","Sterol-4-alpha-carboxylate 3-dehydrogenase, decarboxylating OS=Homo sapiens GN=NSDHL PE=1 SV=2",8.44311744162941,7.84083526173736,20.0321224204553,7.87342564953044e-09,7.18424280815886e-08,8.59178690511405
88,"Q9Y6C9|MTCH2_HUMAN","Mitochondrial carrier homolog 2 OS=Homo sapiens GN=MTCH2 PE=1 SV=1",6.25576590422834,6.74715949303682,3.34677020462963,0.00845230722702865,0.0141585061988623,-2.47768986118393
127,"Q14254|FLOT2_HUMAN","Flotillin-2 OS=Homo sapiens GN=FLOT2 PE=1 SV=2",8.13516517621238,7.68685912902884,11.1863304405226,1.28797806650931e-06,3.90207893333497e-06,5.4790523314628
115,"O15269|SPTC1_HUMAN","Serine palmitoyltransferase 1 OS=Homo sapiens GN=SPTLC1 PE=1 SV=1",8.34881237038767,7.79368272611648,18.2300541690333,1.81952837607933e-08,1.2454358022474e-07,8.18594322922444
110,"P61006|RAB8A_HUMAN","Ras-related protein Rab-8A OS=Homo sapiens GN=RAB8A PE=1 SV=1",9.00988789817918,8.12422049001224,16.6865979124177,3.97986007912054e-08,2.32353595795714e-07,7.76869240755529
227,"Q96IX5|USMG5_HUMAN","Up-regulated during skeletal muscle growth protein 5 OS=Homo sapiens GN=USMG5 PE=1 SV=1",8.66367609400877,7.95111458792703,16.4560885612106,4.49951250322889e-08,2.48098119969704e-07,7.69991497562389
144,"P16989|YBOX3_HUMAN","Y-box-binding protein 3 OS=Homo sapiens GN=YBX3 PE=1 SV=4",8.60800141503712,7.92327724844121,22.7953232733552,2.48468737652824e-09,5.22147468438679e-08,9.08338064587792
82,"Q6NUK1|SCMC1_HUMAN","Calcium-binding mitochondrial carrier protein SCaMC-1 OS=Homo sapiens GN=SLC25A24 PE=1 SV=2",8.52315697414567,7.88085502799548,19.8122594728517,8.68623815596033e-09,7.18424280815886e-08,8.54634534038347
36,"P46940|IQGA1_HUMAN","Ras GTPase-activating-like protein IQGAP1 OS=Homo sapiens GN=IQGAP1 PE=1 SV=1",7.6176453220261,7.4280992019357,6.80580415359628,7.49779685417898e-05,0.00016355084346753,2.05033795607348
63,"Q5JPE7|NOMO2_HUMAN","Nodal modulator 2 OS=Homo sapiens GN=NOMO2 PE=1 SV=1",8.15675955997858,7.69765632091194,13.3494559332635,2.81072974813194e-07,1.06272353334132e-06,6.56637071029487
63,"P69849|NOMO3_HUMAN","Nodal modulator 3 OS=Homo sapiens GN=NOMO3 PE=3 SV=2",8.15675955997858,7.69765632091194,13.3494559332635,2.81072974813194e-07,1.06272353334132e-06,6.56637071029487
63,"Q15155|NOMO1_HUMAN","Nodal modulator 1 OS=Homo sapiens GN=NOMO1 PE=1 SV=5",8.1539219784295,7.6962375301374,13.3668490262026,2.77911880596379e-07,1.06272353334132e-06,6.57397094966798
83,"Q9HDC9|APMAP_HUMAN","Adipocyte plasma membrane-associated protein OS=Homo sapiens GN=APMAP PE=1 SV=2",8.37122702383022,7.80489005283776,11.9574781103412,7.27884594983848e-07,2.34935109112673e-06,5.9013484409544
116,"Q13724|MOGS_HUMAN","Mannosyl-oligosaccharide glucosidase OS=Homo sapiens GN=MOGS PE=1 SV=5",8.1448510794357,7.6917020806405,11.1668658022812,1.30724558723816e-06,3.90207893333497e-06,5.46783933735947
93,"Q9P0L0|VAPA_HUMAN","Vesicle-associated membrane protein-associated protein A OS=Homo sapiens GN=VAPA PE=1 SV=3",8.65112195647762,7.94483751916146,23.5993040446734,1.82198220615488e-09,5.22147468438679e-08,9.2027804622241
293,"Q99829|CPNE1_HUMAN","Copine-1 OS=Homo sapiens GN=CPNE1 PE=1 SV=1",5.89190308146488,6.56522808165509,3.30801300923672,0.00899329291526417,0.0147534598651234,-2.53803974292398
433,"P00846|ATP6_HUMAN","ATP synthase subunit a OS=Homo sapiens GN=MT-ATP6 PE=1 SV=1",6.32556382388392,6.78205845286461,3.55372936206051,0.0060855183427242,0.0110317387308745,-2.1576813069121
424,"O43674|NDUB5_HUMAN","NADH dehydrogenase [ubiquinone] 1 beta subcomplex subunit 5, mitochondrial OS=Homo sapiens GN=NDUFB5 PE=1 SV=1",4.13992124091135,5.68923716137832,1.97591222142876,0.0792745275796751,0.101196101122608,-4.60622504903199
125,"O14880|MGST3_HUMAN","Microsomal glutathione S-transferase 3 OS=Homo sapiens GN=MGST3 PE=1 SV=1",8.77594869315474,8.00725088750002,22.4770433198152,2.81763204969607e-09,5.22147468438679e-08,9.03346250403249
356,"Q7Z3B0|SIM15_HUMAN","Small integral membrane protein 15 OS=Homo sapiens GN=SMIM15 PE=3 SV=1",6.79494544966268,7.01674926575399,3.53648415479564,0.00640541098486443,0.0114547214459062,-2.19989555400878
166,"P51648|AL3A2_HUMAN","Fatty aldehyde dehydrogenase OS=Homo sapiens GN=ALDH3A2 PE=1 SV=1",8.00630168212352,7.62242738198441,10.5887247801209,2.05362214494537e-06,6.03917030772822e-06,5.12146292536732
114,"Q86UE4|LYRIC_HUMAN","Protein LYRIC OS=Homo sapiens GN=MTDH PE=1 SV=2",8.12973286471006,7.68414297327768,13.859687190349,2.02814048359572e-07,8.38720595820314e-07,6.78270808978685
134,"Q9NP72|RAB18_HUMAN","Ras-related protein Rab-18 OS=Homo sapiens GN=RAB18 PE=1 SV=1",8.51670896007923,7.87763102096227,28.5420316586927,3.30523376349352e-10,5.10273404472283e-08,9.76925949968842
268,"P57088|TMM33_HUMAN","Transmembrane protein 33 OS=Homo sapiens GN=TMEM33 PE=1 SV=2",6.31484726737004,6.77670017460767,3.54646109221718,0.00615562891105258,0.0111081121713085,-2.16884884409789
184,"Q8NE86|MCU_HUMAN","Calcium uniporter protein, mitochondrial OS=Homo sapiens GN=MCU PE=1 SV=1",7.97043354646746,7.60449331415638,14.9112739543385,1.07040263995134e-07,4.88448101219176e-07,7.18844889703109
141,"Q9BRQ8|AIFM2_HUMAN","Apoptosis-inducing factor 2 OS=Homo sapiens GN=AIFM2 PE=1 SV=1",7.77810142748283,7.50832725466407,11.3180077095717,1.16557497437267e-06,3.61510363145274e-06,5.55416815666129
66,"O95202|LETM1_HUMAN","LETM1 and EF-hand domain-containing protein 1, mitochondrial OS=Homo sapiens GN=LETM1 PE=1 SV=1",8.3270805454937,7.7828168136695,22.6186469671747,2.66376034533288e-09,5.22147468438679e-08,9.05586432733106
155,"Q9NTJ5|SAC1_HUMAN","Phosphatidylinositide phosphatase SAC1 OS=Homo sapiens GN=SACM1L PE=1 SV=2",6.1995777888798,6.71906543536255,3.44893339280776,0.00718264029056448,0.0125263151172953,-2.31921688190082
142,"O95292|VAPB_HUMAN","Vesicle-associated membrane protein-associated protein B/C OS=Homo sapiens GN=VAPB PE=1 SV=3",8.20599763582892,7.72227535883711,24.3218526302857,1.3906286708497e-09,5.10273404472283e-08,9.30248795070361
86,"Q8TCJ2|STT3B_HUMAN","Dolichyl-diphosphooligosaccharide--protein glycosyltransferase subunit STT3B OS=Homo sapiens GN=STT3B PE=1 SV=1",7.77280276017517,7.50567792101023,11.4443845307355,1.06006676091253e-06,3.31375200064782e-06,5.62506550047732
60,"P08473|NEP_HUMAN","Neprilysin OS=Homo sapiens GN=MME PE=1 SV=2",6.85572993091012,7.04714150637771,3.46261815583946,0.00722550670493859,0.0125263151172953,-2.31587749824688
333,"Q5RI15|COX20_HUMAN","Cytochrome c oxidase protein 20 homolog OS=Homo sapiens GN=COX20 PE=1 SV=2",8.31411076820094,7.77633192502312,24.0423401799595,1.54238812434947e-09,5.10273404472283e-08,9.26472801609583
242,"O15260|SURF4_HUMAN","Surfeit locus protein 4 OS=Homo sapiens GN=SURF4 PE=1 SV=3",5.87310306956371,6.55582807570451,3.34270876262702,0.00850737491508858,0.0141908732827318,-2.48400840465886
146,"Q8NF37|PCAT1_HUMAN","Lysophosphatidylcholine acyltransferase 1 OS=Homo sapiens GN=LPCAT1 PE=1 SV=2",7.87481097729129,7.5566820295683,17.0548212703404,3.28209962795404e-08,2.00388361822852e-07,7.87488776205874
62,"Q9HCU5|PREB_HUMAN","Prolactin regulatory element-binding protein OS=Homo sapiens GN=PREB PE=1 SV=2",8.1694508637348,7.70400197279005,13.4334983619189,2.66157389899717e-07,1.05664483790188e-06,6.60294412866071
98,"P05556|ITB1_HUMAN","Integrin beta-1 OS=Homo sapiens GN=ITGB1 PE=1 SV=2",8.02260326754159,7.63057817469345,16.0686799529394,5.55064415517744e-08,2.82513555077621e-07,7.58015007803214
416,"Q9BUR5|MIC26_HUMAN","MICOS complex subunit MIC26 OS=Homo sapiens GN=APOO PE=1 SV=1",6.09550672073473,6.66702990129001,3.49123265957192,0.00671679159215456,0.0119043136700239,-2.25388392173136
113,"P50402|EMD_HUMAN","Emerin OS=Homo sapiens GN=EMD PE=1 SV=1",8.23236022692774,7.73545665438652,16.5666088725738,4.24154567810557e-08,2.44042555682306e-07,7.73311696799082
195,"Q9NPA0|EMC7_HUMAN","ER membrane protein complex subunit 7 OS=Homo sapiens GN=EMC7 PE=1 SV=1",3.73960406383795,5.48907857284162,1.85077106599629,0.0969140384427951,0.115021253392652,-4.78769897749313
53,"P63010|AP2B1_HUMAN","AP-2 complex subunit beta OS=Homo sapiens GN=AP2B1 PE=1 SV=1",6.51685045062734,6.87770176623632,3.53406917918305,0.00627712040195492,0.011276094115729,-2.18790147600879
294,"Q9BVK6|TMED9_HUMAN","Transmembrane emp24 domain-containing protein 9 OS=Homo sapiens GN=TMED9 PE=1 SV=2",8.21016542874866,7.72435925529698,25.2172956825866,1.00558537720132e-09,5.10273404472283e-08,9.41698870448996
81,"Q9UBX3|DIC_HUMAN","Mitochondrial dicarboxylate carrier OS=Homo sapiens GN=SLC25A10 PE=1 SV=2",7.89719550105711,7.5678742914512,14.7194754544225,1.19892190070797e-07,5.34799993911307e-07,7.11821478987874
92,"P09543|CN37_HUMAN","2',3'-cyclic-nucleotide 3'-phosphodiesterase OS=Homo sapiens GN=CNP PE=1 SV=2",7.81895737920025,7.52875523052278,15.8936414008964,6.1124886017486e-08,2.92368430710144e-07,7.52425734050082
196,"P84095|RHOG_HUMAN","Rho-related GTP-binding protein RhoG OS=Homo sapiens GN=RHOG PE=1 SV=1",7.73129021308006,7.48492164746268,15.9574355270294,5.90074260188974e-08,2.92368430710144e-07,7.54475923849886
239,"P01111|RASN_HUMAN","GTPase NRas OS=Homo sapiens GN=NRAS PE=1 SV=1",8.49964573817048,7.86909941000789,13.394995295484,2.72879351194883e-07,1.06208923945459e-06,6.58623548714491
265,"Q13505|MTX1_HUMAN","Metaxin-1 OS=Homo sapiens GN=MTX1 PE=1 SV=2",7.7096783128439,7.4741156973446,16.2609277098411,4.99852757308321e-08,2.63145425013044e-07,7.64024929884052
214,"P61421|VA0D1_HUMAN","V-type proton ATPase subunit d 1 OS=Homo sapiens GN=ATP6V0D1 PE=1 SV=1",7.75068225956342,7.49461767070436,15.1415206717583,9.35843388315806e-08,4.3201142460625e-07,7.27067484378382
224,"P10620|MGST1_HUMAN","Microsomal glutathione S-transferase 1 OS=Homo sapiens GN=MGST1 PE=1 SV=1",6.14439505075091,6.6914740662981,3.40392643158248,0.00771553194930255,0.0131462067977387,-2.3889168159092
239,"P01116|RASK_HUMAN","GTPase KRas OS=Homo sapiens GN=KRAS PE=1 SV=1",7.8775450844968,7.55804908317105,24.6987493082257,1.21156303363777e-09,5.10273404472283e-08,9.3518523202142
389,"Q96A26|F162A_HUMAN","Protein FAM162A OS=Homo sapiens GN=FAM162A PE=1 SV=2",5.99676964137263,6.61766136160897,3.46579706737498,0.00699299572803727,0.0122841562125256,-2.29314956474733
174,"P51572|BAP31_HUMAN","B-cell receptor-associated protein 31 OS=Homo sapiens GN=BCAP31 PE=1 SV=3",7.7715202238743,7.5050366528598,14.7565851052559,1.17278076728002e-07,5.29084050693373e-07,7.13192945086079
101,"Q8N766|EMC1_HUMAN","ER membrane protein complex subunit 1 OS=Homo sapiens GN=EMC1 PE=1 SV=1",7.59656279389577,7.41755793787054,13.1775188923824,3.14551741547297e-07,1.14566093022272e-06,6.49035382902769
317,"P61586|RHOA_HUMAN","Transforming protein RhoA OS=Homo sapiens GN=RHOA PE=1 SV=1",7.26777502640525,7.25316405412528,9.23978314773037,6.43565128943735e-06,1.71473393416552e-05,4.20231484850687
317,"P08134|RHOC_HUMAN","Rho-related GTP-binding protein RhoC OS=Homo sapiens GN=RHOC PE=1 SV=1",7.26777502640525,7.25316405412528,9.23978314773037,6.43565128943735e-06,1.71473393416552e-05,4.20231484850687
72,"Q8TEM1|PO210_HUMAN","Nuclear pore membrane glycoprotein 210 OS=Homo sapiens GN=NUP210 PE=1 SV=3",8.09201134817591,7.66528221501061,17.5720313397576,2.52001982601324e-08,1.61362559826977e-07,8.01680288594355
321,"Q7Z7H5|TMED4_HUMAN","Transmembrane emp24 domain-containing protein 4 OS=Homo sapiens GN=TMED4 PE=1 SV=1",3.90739866996566,5.57297587590548,1.92002717228671,0.0867405088465308,0.109309453751912,-4.68785432097188
281,"P07947|YES_HUMAN","Tyrosine-protein kinase Yes OS=Homo sapiens GN=YES1 PE=1 SV=3",7.69096505102782,7.46475906643656,19.8598956068967,8.50254133238447e-09,7.18424280815886e-08,8.55628019857363
137,"Q9H7Z7|PGES2_HUMAN","Prostaglandin E synthase 2 OS=Homo sapiens GN=PTGES2 PE=1 SV=1",7.93465845700713,7.58660576942622,21.6188162537215,3.98987483925592e-09,6.01078257329327e-08,8.8907364720127
234,"Q15165|PON2_HUMAN","Serum paraoxonase/arylesterase 2 OS=Homo sapiens GN=PON2 PE=1 SV=3",7.64793018082892,7.44324163133711,18.0362860671141,2.00032014425973e-08,1.32354516211852e-07,8.13740587583746
425,"O75915|PRAF3_HUMAN","PRA1 family protein 3 OS=Homo sapiens GN=ARL6IP5 PE=1 SV=1",5.83157107101511,6.53506207643021,3.43916491505463,0.00729494387595336,0.0125917074728412,-2.33432896346545
198,"P61619|S61A1_HUMAN","Protein transport protein Sec61 subunit alpha isoform 1 OS=Homo sapiens GN=SEC61A1 PE=1 SV=2",7.74328346331841,7.49091827258186,11.3073293167988,1.1750073933416e-06,3.61610802446988e-06,5.54812429264666
266,"Q6P1A2|MBOA5_HUMAN","Lysophospholipid acyltransferase 5 OS=Homo sapiens GN=LPCAT3 PE=1 SV=1",7.66759238940481,7.45307273562505,20.8180291412384,5.58776660095671e-09,6.16206483494393e-08,8.74595467340966
220,"Q15363|TMED2_HUMAN","Transmembrane emp24 domain-containing protein 2 OS=Homo sapiens GN=TMED2 PE=1 SV=1",7.54448692822903,7.39152000503716,17.8916359304358,2.14825756494898e-08,1.39812828407335e-07,8.10049134466625
221,"P47985|UCRI_HUMAN","Cytochrome b-c1 complex subunit Rieske, mitochondrial OS=Homo sapiens GN=UQCRFS1 PE=1 SV=2",7.25520473514853,7.24687890849691,6.70491088130496,8.4129614287528e-05,0.000181518787348634,1.94458427752569
281,"P12931|SRC_HUMAN","Proto-oncogene tyrosine-protein kinase Src OS=Homo sapiens GN=SRC PE=1 SV=3",7.65468790923676,7.44662049554103,19.8447291541235,8.56055574883258e-09,7.18424280815886e-08,8.55312253307326
311,"Q5SRD1|TI23B_HUMAN","Putative mitochondrial import inner membrane translocase subunit Tim23B OS=Homo sapiens GN=TIMM23B PE=5 SV=2",7.67569299031619,7.45712303608074,18.3044188604336,1.75501234585699e-08,1.22235070404425e-07,8.20429875432121
311,"O14925|TIM23_HUMAN","Mitochondrial import inner membrane translocase subunit Tim23 OS=Homo sapiens GN=TIMM23 PE=1 SV=1",7.67569299031619,7.45712303608074,18.3044188604336,1.75501234585699e-08,1.22235070404425e-07,8.20429875432121
326,"Q15629|TRAM1_HUMAN","Translocating chain-associated membrane protein 1 OS=Homo sapiens GN=TRAM1 PE=1 SV=3",7.46542351593405,7.35198829888967,17.2301746933068,2.99835708849839e-08,1.85991838145916e-07,7.92392752421262
121,"Q96JJ7|TMX3_HUMAN","Protein disulfide-isomerase TMX3 OS=Homo sapiens GN=TMX3 PE=1 SV=2",5.7026209079691,6.4705869949072,3.39370562638067,0.00784219737977206,0.0133049246143996,-2.40477073402732
400,"Q5JTH9|RRP12_HUMAN","RRP12-like protein OS=Homo sapiens GN=RRP12 PE=1 SV=2",3.84017770670346,5.53936539427438,1.91621914303677,0.0872727248764642,0.109309453751912,-4.69338316141924
132,"Q16850|CP51A_HUMAN","Lanosterol 14-alpha demethylase OS=Homo sapiens GN=CYP51A1 PE=1 SV=3",7.39276910914733,7.31566109549632,12.8096099719358,4.02019940502913e-07,1.42501711053265e-06,6.32213831131493
58,"Q969V3|NCLN_HUMAN","Nicalin OS=Homo sapiens GN=NCLN PE=1 SV=2",7.16433243147155,7.20144275665843,9.42499215561497,5.45770220532448e-06,1.49428122449229e-05,4.33856578829118
264,"O75352|MPU1_HUMAN","Mannose-P-dolichol utilization defect 1 protein OS=Homo sapiens GN=MPDU1 PE=1 SV=2",7.62153528877171,7.43004418530851,18.15267482036,1.88946056637743e-08,1.27138278788448e-07,8.16668411926899
350,"Q9NR22|ANM8_HUMAN","Protein arginine N-methyltransferase 8 OS=Homo sapiens GN=PRMT8 PE=1 SV=2",5.66171779346108,6.45013543765319,3.38869627684802,0.00790506756762801,0.0133545184014822,-2.4125442993891
330,"Q9P0I2|EMC3_HUMAN","ER membrane protein complex subunit 3 OS=Homo sapiens GN=EMC3 PE=1 SV=3",7.47247654350694,7.35551481267612,18.4824259691661,1.61062740381757e-08,1.16258014421013e-07,8.24763523354611
199,"P20338|RAB4A_HUMAN","Ras-related protein Rab-4A OS=Homo sapiens GN=RAB4A PE=1 SV=3",7.48599050111454,7.36227179147992,16.3662852936147,4.72193424313862e-08,2.56795601989867e-07,7.6726257101563
199,"P61018|RAB4B_HUMAN","Ras-related protein Rab-4B OS=Homo sapiens GN=RAB4B PE=1 SV=1",7.41125658708009,7.32490483446269,17.0260733244999,3.33139342073255e-08,2.00388361822852e-07,7.86675520006377
106,"Q9UGP8|SEC63_HUMAN","Translocation protein SEC63 homolog OS=Homo sapiens GN=SEC63 PE=1 SV=2",6.43485038023922,6.83670173104226,3.32524659482796,0.00874842569431,0.0144713541693378,-2.5111901578652
153,"O75027|ABCB7_HUMAN","ATP-binding cassette sub-family B member 7, mitochondrial OS=Homo sapiens GN=ABCB7 PE=1 SV=2",6.83528160356936,7.03691734270733,8.03852383049485,2.01149519054084e-05,4.78181790805218e-05,3.2300760456137
230,"P20645|MPRD_HUMAN","Cation-dependent mannose-6-phosphate receptor OS=Homo sapiens GN=M6PR PE=1 SV=1",7.10014135354227,7.16934721769378,12.3262218263279,5.60449112341243e-07,1.86973359327289e-06,6.08901210789598
245,"P05026|AT1B1_HUMAN","Sodium/potassium-transporting ATPase subunit beta-1 OS=Homo sapiens GN=ATP1B1 PE=1 SV=1",7.36831529570297,7.30343418877414,13.260099762125,2.97952128922288e-07,1.10548593628176e-06,6.52706635990762
145,"Q6ZRP7|QSOX2_HUMAN","Sulfhydryl oxidase 2 OS=Homo sapiens GN=QSOX2 PE=1 SV=3",5.5125036099386,6.37552834589195,3.28591319891639,0.00931776903593162,0.0149159447873583,-2.57250409417278
179,"Q9H936|GHC1_HUMAN","Mitochondrial glutamate carrier 1 OS=Homo sapiens GN=SLC25A22 PE=1 SV=1",7.53089024367878,7.38472166276204,12.6161869953715,4.58547353761691e-07,1.61100264994152e-06,6.23055216740863
212,"Q8N5K1|CISD2_HUMAN","CDGSH iron-sulfur domain-containing protein 2 OS=Homo sapiens GN=CISD2 PE=1 SV=1",5.47592633297658,6.35723970741094,3.25316332680077,0.00982114079115754,0.0155338362314324,-2.62364292234826
298,"Q9H5V8|CDCP1_HUMAN","CUB domain-containing protein 1 OS=Homo sapiens GN=CDCP1 PE=1 SV=3",3.68687398813702,5.46271353499116,1.94097801466653,0.0838667850118063,0.106035393788812,-4.6573584505119
182,"P49257|LMAN1_HUMAN","Protein ERGIC-53 OS=Homo sapiens GN=LMAN1 PE=1 SV=2",7.67143220662281,7.45499264423405,21.2505622987319,4.65122639440962e-09,6.01078257329327e-08,8.82562041556887
381,"Q14126|DSG2_HUMAN","Desmoglein-2 OS=Homo sapiens GN=DSG2 PE=1 SV=2",3.58812815258779,5.41334061721655,1.87096720297703,0.0938371607466183,0.113614711958755,-4.75874075103917
279,"P21579|SYT1_HUMAN","Synaptotagmin-1 OS=Homo sapiens GN=SYT1 PE=1 SV=1",5.47386452758642,6.35620880471586,3.32732589444481,0.00871935379943621,0.0144713541693378,-2.50795222475106
309,"Q9HD45|TM9S3_HUMAN","Transmembrane 9 superfamily member 3 OS=Homo sapiens GN=TM9SF3 PE=1 SV=2",3.6755790564035,5.4570660691244,1.94671899533415,0.0830951815059769,0.1053954858079,-4.64897935690345
275,"Q01650|LAT1_HUMAN","Large neutral amino acids transporter small subunit 1 OS=Homo sapiens GN=SLC7A5 PE=1 SV=2",6.16503694043873,6.70179501114201,4.70993416864593,0.00107592361584621,0.00205356574755261,-0.470441242369157
237,"Q7Z4W1|DCXR_HUMAN","L-xylulose reductase OS=Homo sapiens GN=DCXR PE=1 SV=2",3.64472511844856,5.44163910014693,1.89196739921753,0.0907350752597694,0.111869021360647,-4.7284898663169
244,"Q9UBV2|SE1L1_HUMAN","Protein sel-1 homolog 1 OS=Homo sapiens GN=SEL1L PE=1 SV=3",5.39353523552431,6.31604415868481,3.28784250997845,0.00928896378715135,0.0149159447873583,-2.56949390256279
176,"Q15286|RAB35_HUMAN","Ras-related protein Rab-35 OS=Homo sapiens GN=RAB35 PE=1 SV=1",3.08323834807729,5.1608957149613,1.69861930127601,0.123289936058293,0.132286769230114,-5.00123838237335
290,"Q8N6L1|KTAP2_HUMAN","Keratinocyte-associated protein 2 OS=Homo sapiens GN=KRTCAP2 PE=1 SV=2",7.14102663445931,7.1897898581523,16.2465864242774,5.03754466019933e-08,2.63145425013044e-07,7.63581182486639
178,"Q9ULX3|NOB1_HUMAN","RNA-binding protein NOB1 OS=Homo sapiens GN=NOB1 PE=1 SV=1",7.17221234151493,7.20538271168011,14.3171066266237,1.52777432786479e-07,6.66512536442112e-07,6.96552986222356
147,"P29317|EPHA2_HUMAN","Ephrin type-A receptor 2 OS=Homo sapiens GN=EPHA2 PE=1 SV=2",5.47029335204108,6.35442321694319,3.3004720079889,0.00910267177889413,0.014871443194325,-2.54979568791048
192,"P57105|SYJ2B_HUMAN","Synaptojanin-2-binding protein OS=Homo sapiens GN=SYNJ2BP PE=1 SV=2",6.99853719133934,7.11854513659232,9.21093376458933,6.60464381887968e-06,1.74637860610686e-05,4.18078267462187
207,"Q9Y624|JAM1_HUMAN","Junctional adhesion molecule A OS=Homo sapiens GN=F11R PE=1 SV=1",7.47563708374949,7.3570950827974,19.8682207989956,8.47088121454568e-09,7.18424280815886e-08,8.55801136682931
163,"P21964|COMT_HUMAN","Catechol O-methyltransferase OS=Homo sapiens GN=COMT PE=1 SV=2",5.30976810242581,6.27416059213556,3.18825271576491,0.0109039208493064,0.0168437999111853,-2.72521519447363
159,"Q02127|PYRD_HUMAN","Dihydroorotate dehydrogenase (quinone), mitochondrial OS=Homo sapiens GN=DHODH PE=1 SV=3",7.20205656477817,7.22030482331174,14.6843465421652,1.22426256675884e-07,5.40035821114731e-07,7.10517602763608
271,"Q6UWP7|LCLT1_HUMAN","Lysocardiolipin acyltransferase 1 OS=Homo sapiens GN=LCLAT1 PE=1 SV=1",5.46196665623248,6.35025986903889,3.29604648322043,0.00916750490990684,0.0149159447873583,-2.55669681227643
295,"Q7Z739|YTHD3_HUMAN","YTH domain-containing family protein 3 OS=Homo sapiens GN=YTHDF3 PE=1 SV=1",7.08159949921104,7.16007629052817,13.6403011699686,2.33044676071418e-07,9.44068738779111e-07,6.69134554742361
138,"O75746|CMC1_HUMAN","Calcium-binding mitochondrial carrier protein Aralar1 OS=Homo sapiens GN=SLC25A12 PE=1 SV=2",5.3696099374764,6.30408150966085,3.27327428940514,0.00950878099496895,0.0151227298711231,-2.59223059856716
119,"O43490|PROM1_HUMAN","Prominin-1 OS=Homo sapiens GN=PROM1 PE=1 SV=1",5.37591290433142,6.30723299308836,3.28986015213732,0.00925893865438041,0.0149159447873583,-2.56634618806974
276,"Q8IUX1|T126B_HUMAN","Complex I assembly factor TMEM126B, mitochondrial OS=Homo sapiens GN=TMEM126B PE=1 SV=2",4.86205857185066,6.05030582684798,2.97758295696515,0.0153490176517539,0.0220781159700953,-3.05637615281803
251,"Q9HC21|TPC_HUMAN","Mitochondrial thiamine pyrophosphate carrier OS=Homo sapiens GN=SLC25A19 PE=1 SV=1",4.72401559404103,5.98128433794317,2.92017982497405,0.0168574071522792,0.0237318817001945,-3.14686429263796
117,"P54920|SNAA_HUMAN","Alpha-soluble NSF attachment protein OS=Homo sapiens GN=NAPA PE=1 SV=3",7.25801114289022,7.24828211236776,16.0384848302871,5.64334204018962e-08,2.83595796196871e-07,7.57058892240782
206,"Q9Y673|ALG5_HUMAN","Dolichyl-phosphate beta-glucosyltransferase OS=Homo sapiens GN=ALG5 PE=1 SV=1",5.37645492947801,6.30750400566165,3.24258344693282,0.00998972061224093,0.0156755694982595,-2.64017948430664
261,"Q8N2F6|ARM10_HUMAN","Armadillo repeat-containing protein 10 OS=Homo sapiens GN=ARMC10 PE=1 SV=1",6.47016452728771,6.8543588045665,7.06557049865869,5.6044805094704e-05,0.00012553195519679,2.31593356827842
201,"Q86SF2|GALT7_HUMAN","N-acetylgalactosaminyltransferase 7 OS=Homo sapiens GN=GALNT7 PE=1 SV=1",5.4908894031046,6.36472124247495,3.30887729860611,0.00898084433209729,0.0147534598651234,-2.53669264823626
383,"O75695|XRP2_HUMAN","Protein XRP2 OS=Homo sapiens GN=RP2 PE=1 SV=4",6.80777216181104,7.02316262182817,12.4655952818338,5.0864924957639e-07,1.73783953892156e-06,6.15769015447724
296,"P12830|CADH1_HUMAN","Cadherin-1 OS=Homo sapiens GN=CDH1 PE=1 SV=3",5.36923514316561,6.30389411250546,3.24598557422644,0.00993518616145955,0.0156518607384898,-2.63486105666063
291,"P51151|RAB9A_HUMAN","Ras-related protein Rab-9A OS=Homo sapiens GN=RAB9A PE=1 SV=1",5.43673095115965,6.33764201650247,3.28953191861778,0.00926381632040122,0.0149159447873583,-2.56685824312732
254,"P56589|PEX3_HUMAN","Peroxisomal biogenesis factor 3 OS=Homo sapiens GN=PEX3 PE=1 SV=1",7.0669212079698,7.15273714490755,15.9145138917282,6.04229705779312e-08,2.92368430710144e-07,7.53098196047078
260,"Q15392|DHC24_HUMAN","Delta(24)-sterol reductase OS=Homo sapiens GN=DHCR24 PE=1 SV=2",7.16273853314945,7.20064580749738,13.9137256603366,1.96051218414758e-07,8.19287723270093e-07,6.80483902056061
255,"Q13190|STX5_HUMAN","Syntaxin-5 OS=Homo sapiens GN=STX5 PE=1 SV=2",3.21869593305957,5.22862450745244,1.79762084816413,0.105467485708526,0.119630262360814,-4.86325089475413
289,"Q9BUB7|TMM70_HUMAN","Transmembrane protein 70, mitochondrial OS=Homo sapiens GN=TMEM70 PE=1 SV=2",3.1501374687182,5.19434527528175,1.77372824677067,0.10953657898161,0.122359588113275,-4.89688955651498
150,"O95470|SGPL1_HUMAN","Sphingosine-1-phosphate lyase 1 OS=Homo sapiens GN=SGPL1 PE=1 SV=3",5.44365273221824,6.34110290703177,3.2723355345799,0.00952312964176519,0.0151227298711231,-2.59369624716311
108,"O94905|ERLN2_HUMAN","Erlin-2 OS=Homo sapiens GN=ERLIN2 PE=1 SV=1",6.47654311956193,6.85754810070361,9.32558151543219,5.96053470102845e-06,1.62077553171801e-05,4.26585734287686
202,"O15400|STX7_HUMAN","Syntaxin-7 OS=Homo sapiens GN=STX7 PE=1 SV=4",7.08972187711982,7.16413747948256,13.7510567469757,2.17203109209121e-07,8.88965302639392e-07,6.73777562864151
169,"Q9H223|EHD4_HUMAN","EH domain-containing protein 4 OS=Homo sapiens GN=EHD4 PE=1 SV=1",6.76973610754779,7.00414459469655,13.1517668809868,3.19935197724243e-07,1.15467521360477e-06,6.47882834159526
286,"Q96CW1|AP2M1_HUMAN","AP-2 complex subunit mu OS=Homo sapiens GN=AP2M1 PE=1 SV=2",5.19583886777357,6.21719597480943,3.21374966916513,0.010464559331594,0.0163560238371764,-2.68528524143032
246,"Q9Y679|AUP1_HUMAN","Ancient ubiquitous protein 1 OS=Homo sapiens GN=AUP1 PE=1 SV=1",3.36853671540102,5.30354489862316,1.9012101211053,0.0894005396577239,0.110912544512864,-4.71513157375168
250,"Q9BWM7|SFXN3_HUMAN","Sideroflexin-3 OS=Homo sapiens GN=SFXN3 PE=1 SV=2",3.39595227390403,5.31725267787467,1.91142872419335,0.0879466162644479,0.109450804567354,-4.70033207736733
179,"Q9H1K4|GHC2_HUMAN","Mitochondrial glutamate carrier 2 OS=Homo sapiens GN=SLC25A18 PE=1 SV=1",6.66344460917147,6.95099884550839,12.0962396084439,6.59141704622395e-07,2.16263848541397e-06,5.97300204706519
218,"Q96KA5|CLP1L_HUMAN","Cleft lip and palate transmembrane protein 1-like protein OS=Homo sapiens GN=CLPTM1L PE=1 SV=1",3.25880427307008,5.24867867745769,1.82560880977376,0.100879464973791,0.116810895980102,-4.8235878046672
210,"Q8NCR9|CLRN3_HUMAN","Clarin-3 OS=Homo sapiens GN=CLRN3 PE=2 SV=1",4.76637114805418,6.00246211494974,3.01204515982028,0.0145106342781743,0.0211015450858431,-3.00208662891204
231,"P48960|CD97_HUMAN","CD97 antigen OS=Homo sapiens GN=CD97 PE=1 SV=4",5.0391588044675,6.1388559431564,3.13115756616994,0.0119583799209666,0.0179828667750899,-2.81476698296668
249,"Q13557|KCC2D_HUMAN","Calcium/calmodulin-dependent protein kinase type II subunit delta OS=Homo sapiens GN=CAMK2D PE=1 SV=3",3.38299039474121,5.31077173829326,1.91615040685865,0.0872823597968665,0.109309453751912,-4.69348291848636
215,"Q9Y666|S12A7_HUMAN","Solute carrier family 12 member 7 OS=Homo sapiens GN=SLC12A7 PE=1 SV=3",4.72483892932684,5.98169600558607,3.01478709927137,0.0144459824099855,0.0210847610910451,-2.99776859874854
280,"P13473|LAMP2_HUMAN","Lysosome-associated membrane glycoprotein 2 OS=Homo sapiens GN=LAMP2 PE=1 SV=2",6.53943659982614,6.88899484083572,8.05303379569088,1.98244073807733e-05,4.74113839166686e-05,3.24280057282299
316,"Q9Y5Y5|PEX16_HUMAN","Peroxisomal membrane protein PEX16 OS=Homo sapiens GN=PEX16 PE=1 SV=2",6.39535869481822,6.81695588833176,10.551009388071,2.1165960196066e-06,6.1785927925281e-06,5.09794136407323
388,"Q8IYB5|SMAP1_HUMAN","Stromal membrane-associated protein 1 OS=Homo sapiens GN=SMAP1 PE=1 SV=2",6.52417816260207,6.88136562222368,12.2609041104362,5.86708204613743e-07,1.9410263102638e-06,6.05640710508318
4,"P54707|AT12A_HUMAN","Potassium-transporting ATPase alpha chain 2 OS=Homo sapiens GN=ATP12A PE=1 SV=3",5.00241266505641,6.12048287345086,3.15507695756476,0.0115043495224995,0.0174989531051046,-2.77722839614649
434,"Q92643|GPI8_HUMAN","GPI-anchor transamidase OS=Homo sapiens GN=PIGK PE=1 SV=2",6.37243994885051,6.8054965153479,8.68158404148426,1.07574320822086e-05,2.68597518027472e-05,3.77034217361041
272,"Q99805|TM9S2_HUMAN","Transmembrane 9 superfamily member 2 OS=Homo sapiens GN=TM9SF2 PE=1 SV=1",4.83744795483935,6.03800051834233,3.11620523769766,0.0122515623566454,0.018216742530293,-2.83824773828175
189,"Q13586|STIM1_HUMAN","Stromal interaction molecule 1 OS=Homo sapiens GN=STIM1 PE=1 SV=3",5.30786396411888,6.27320852298209,3.19574665025743,0.0107728389147795,0.0167063165983104,-2.71347504648244
139,"P61020|RAB5B_HUMAN","Ras-related protein Rab-5B OS=Homo sapiens GN=RAB5B PE=1 SV=1",6.84656262710199,7.04255785447365,12.4851441869444,5.01816284834812e-07,1.73235708764713e-06,6.16722688099494
168,"O43464|HTRA2_HUMAN","Serine protease HTRA2, mitochondrial OS=Homo sapiens GN=HTRA2 PE=1 SV=2",4.96562967735336,6.10209137959933,2.86152985406708,0.0185556261009413,0.0256675385438107,-3.23936057230316
403,"O95169|NDUB8_HUMAN","NADH dehydrogenase [ubiquinone] 1 beta subcomplex subunit 8, mitochondrial OS=Homo sapiens GN=NDUFB8 PE=1 SV=1",3.25543896220851,5.2469960220269,1.84615605151875,0.0976302611227393,0.11535480257657,-4.79429732409685
453,"O43657|TSN6_HUMAN","Tetraspanin-6 OS=Homo sapiens GN=TSPAN6 PE=1 SV=1",3.19655195138331,5.21755251661431,1.87076122439927,0.0938680743639085,0.113614711958755,-4.75903676507323
426,"Q969E2|SCAM4_HUMAN","Secretory carrier-associated membrane protein 4 OS=Homo sapiens GN=SCAMP4 PE=2 SV=1",3.27994810265744,5.25925059225137,1.85589461667284,0.0961246497473694,0.11494423478827,-4.7803652594879
387,"P10644|KAP0_HUMAN","cAMP-dependent protein kinase type I-alpha regulatory subunit OS=Homo sapiens GN=PRKAR1A PE=1 SV=1",4.80123410768094,6.01989359476312,3.05172031383918,0.0136034344207298,0.0200764441079172,-2.9396298915152
347,"P63000|RAC1_HUMAN","Ras-related C3 botulinum toxin substrate 1 OS=Homo sapiens GN=RAC1 PE=1 SV=1",3.17157328010611,5.20506318097571,1.82534232243172,0.100922260254849,0.116810895980102,-4.82396674257272
269,"Q6NUQ4|TM214_HUMAN","Transmembrane protein 214 OS=Homo sapiens GN=TMEM214 PE=1 SV=2",4.94526397428863,6.09190852806696,3.15201820322826,0.0115614025756676,0.0175186138264887,-2.78202704503772
235,"Q86X29|LSR_HUMAN","Lipolysis-stimulated lipoprotein receptor OS=Homo sapiens GN=LSR PE=1 SV=4",4.53105768022595,5.88480538103563,2.92938897337566,0.0166055587867912,0.0234605225564274,-3.13234355203034
232,"Q9BVI4|NOC4L_HUMAN","Nucleolar complex protein 4 homolog OS=Homo sapiens GN=NOC4L PE=1 SV=1",4.87023167170995,6.05439237677762,3.12826523633319,0.0120145218492072,0.0179991138646614,-2.81930815569454
352,"O00161|SNP23_HUMAN","Synaptosomal-associated protein 23 OS=Homo sapiens GN=SNAP23 PE=1 SV=1",3.21711773019652,5.22783540602091,1.88658304548248,0.0915211222343905,0.112164306515384,-4.73625941240279
162,"A0FGR8|ESYT2_HUMAN","Extended synaptotagmin-2 OS=Homo sapiens GN=ESYT2 PE=1 SV=1",5.31228516175408,6.27541912179969,3.20317417959054,0.0106445274942081,0.0165720682949044,-2.7018423016346
171,"P07099|HYEP_HUMAN","Epoxide hydrolase 1 OS=Homo sapiens GN=EPHX1 PE=1 SV=1",5.22827491350308,6.23341399767419,3.17167001362946,0.0111998811336717,0.0172339256204172,-2.75120581502466
149,"P20339|RAB5A_HUMAN","Ras-related protein Rab-5A OS=Homo sapiens GN=RAB5A PE=1 SV=2",5.48110893980286,6.35983101082408,3.15888007206771,0.0114338179559561,0.0174585604942868,-2.77126268929884
243,"Q07065|CKAP4_HUMAN","Cytoskeleton-associated protein 4 OS=Homo sapiens GN=CKAP4 PE=1 SV=2",5.8533784637604,6.54596577280285,6.25784599579273,0.000142242313338323,0.000297211570501654,1.457912064766
156,"Q13492|PICAL_HUMAN","Phosphatidylinositol-binding clathrin assembly protein OS=Homo sapiens GN=PICALM PE=1 SV=2",4.9361873662058,6.08737022402555,3.11215171534529,0.012332314162127,0.0182683907550911,-2.84461517036661
263,"Q9H0Q3|FXYD6_HUMAN","FXYD domain-containing ion transport regulator 6 OS=Homo sapiens GN=FXYD6 PE=1 SV=1",3.11457038613269,5.17656173398899,1.85645322644274,0.0960389489700106,0.11494423478827,-4.77956515509968
332,"Q9H061|T126A_HUMAN","Transmembrane protein 126A OS=Homo sapiens GN=TMEM126A PE=1 SV=1",3.12641422888034,5.18248365536282,1.86193189086381,0.0952022049301402,0.11453113744626,-4.7717125483988
418,"Q9H1E5|TMX4_HUMAN","Thioredoxin-related transmembrane protein 4 OS=Homo sapiens GN=TMX4 PE=1 SV=1",4.94585058449024,6.09220183316777,3.14959586433076,0.0116067923888677,0.0175205193094315,-2.7858276290429
373,"Q70UQ0|IKIP_HUMAN","Inhibitor of nuclear factor kappa-B kinase-interacting protein OS=Homo sapiens GN=IKBIP PE=1 SV=1",4.82914459844641,6.03384884014586,3.11674759845431,0.0122407992348048,0.018216742530293,-2.83739583668239
302,"Q9Y3D6|FIS1_HUMAN","Mitochondrial fission 1 protein OS=Homo sapiens GN=FIS1 PE=1 SV=2",3.15952549447582,5.19903928816056,1.83310324136279,0.099682834790809,0.116654699168115,-4.81292095682234
262,"P43405|KSYK_HUMAN","Tyrosine-protein kinase SYK OS=Homo sapiens GN=SYK PE=1 SV=1",5.0243891291473,6.1314711054963,3.16368495476866,0.0113453464587268,0.0173903573131835,-2.76372671356496
336,"Q15041|AR6P1_HUMAN","ADP-ribosylation factor-like protein 6-interacting protein 1 OS=Homo sapiens GN=ARL6IP1 PE=1 SV=2",3.20678958576534,5.22267133380532,1.84983936186993,0.0970582364900211,0.115021253392652,-4.78903165909168
274,"Q8WTV0|SCRB1_HUMAN","Scavenger receptor class B member 1 OS=Homo sapiens GN=SCARB1 PE=1 SV=1",6.58760931037376,6.91308119610953,10.4101139987361,2.37138451665203e-06,6.78411999380516e-06,5.00902855167139
257,"Q9Y276|BCS1_HUMAN","Mitochondrial chaperone BCS1 OS=Homo sapiens GN=BCS1L PE=1 SV=1",2.93615722785138,5.08735515484834,1.79401932740662,0.106071752023254,0.119972893314051,-4.86833470636818
292,"Q07812|BAX_HUMAN","Apoptosis regulator BAX OS=Homo sapiens GN=BAX PE=1 SV=1",3.10805221101055,5.17330264642793,1.86515606179593,0.0947129801752795,0.114288915287495,-4.76708672625181
46,"P05534|1A24_HUMAN","HLA class I histocompatibility antigen, A-24 alpha chain OS=Homo sapiens GN=HLA-A PE=1 SV=2",6.16251409854479,6.70053359019505,9.03061264701429,7.77812967102498e-06,1.99220482541737e-05,4.04427256095567
46,"P30447|1A23_HUMAN","HLA class I histocompatibility antigen, A-23 alpha chain OS=Homo sapiens GN=HLA-A PE=1 SV=1",6.16251409854479,6.70053359019505,9.03061264701429,7.77812967102498e-06,1.99220482541737e-05,4.04427256095567
370,"Q9NXE4|NSMA3_HUMAN","Sphingomyelin phosphodiesterase 4 OS=Homo sapiens GN=SMPD4 PE=1 SV=2",5.88681538675853,6.56268423430191,6.79279169447092,7.60947833951211e-05,0.000165079939933678,2.03678118035501
288,"Q14728|MFS10_HUMAN","Major facilitator superfamily domain-containing protein 10 OS=Homo sapiens GN=MFSD10 PE=1 SV=1",5.81461120662834,6.52658214423682,6.49245268757449,0.000107647772894186,0.000228535646197818,1.71702596028353
367,"Q9Y2H6|FND3A_HUMAN","Fibronectin type-III domain-containing protein 3A OS=Homo sapiens GN=FNDC3A PE=1 SV=4",3.10662186116674,5.17258747150602,1.87434102807842,0.09333216813223,0.113614711958755,-4.75389024171884
398,"Q9HC07|TM165_HUMAN","Transmembrane protein 165 OS=Homo sapiens GN=TMEM165 PE=1 SV=1",3.12937744461275,5.18396526322902,1.83974344171791,0.0986336721932087,0.11585079248729,-4.80345396079958
454,"Q8NBM4|UBAC2_HUMAN","Ubiquitin-associated domain-containing protein 2 OS=Homo sapiens GN=UBAC2 PE=1 SV=1",3.06651507668835,5.15253407926683,1.82308820514594,0.101284926691413,0.116889871792125,-4.82717105949309
253,"Q9Y2A7|NCKP1_HUMAN","Nck-associated protein 1 OS=Homo sapiens GN=NCKAP1 PE=1 SV=1",5.93090367986337,6.58472838085434,7.87344241379068,2.37705026209521e-05,5.55111149442235e-05,3.08350114730637
211,"Q86UP2|KTN1_HUMAN","Kinectin OS=Homo sapiens GN=KTN1 PE=1 SV=1",3.08183700868547,5.16019504526539,1.83088748710409,0.100035237643302,0.116654699168115,-4.81607664582812
270,"O60830|TI17B_HUMAN","Mitochondrial import inner membrane translocase subunit Tim17-B OS=Homo sapiens GN=TIMM17B PE=1 SV=1",2.97819073719266,5.10837190951898,1.79886447410552,0.105259571865342,0.119630262360814,-4.86149434942301
391,"P33897|ABCD1_HUMAN","ATP-binding cassette sub-family D member 1 OS=Homo sapiens GN=ABCD1 PE=1 SV=2",3.05915288970609,5.14885298577569,1.87164111038661,0.0937360862601756,0.113614711958755,-4.75777217563499
412,"Q96HV5|TM41A_HUMAN","Transmembrane protein 41A OS=Homo sapiens GN=TMEM41A PE=1 SV=1",3.0556101653065,5.1470816235759,1.8298563594145,0.100199628252713,0.116654699168115,-4.81754461224174
213,"Q9Y2U8|MAN1_HUMAN","Inner nuclear membrane protein Man1 OS=Homo sapiens GN=LEMD3 PE=1 SV=2",4.55413688944701,5.89634498564615,3.03383373132371,0.0140049776030053,0.0205925041051596,-2.96778038277152
432,"P07948|LYN_HUMAN","Tyrosine-protein kinase Lyn OS=Homo sapiens GN=LYN PE=1 SV=3",4.5000671671085,5.8693101244769,3.01539510405329,0.0144316864683086,0.0210847610910451,-2.99681113870409
306,"O95070|YIF1A_HUMAN","Protein YIF1A OS=Homo sapiens GN=YIF1A PE=1 SV=2",4.42430459438586,5.83142883811558,2.95142783975743,0.0160183661834899,0.0227117549101625,-3.09759853955634
385,"Q6Y1H2|HACD2_HUMAN","Very-long-chain (3R)-3-hydroxyacyl-CoA dehydratase 2 OS=Homo sapiens GN=HACD2 PE=1 SV=1",5.85627323533552,6.54741315859041,7.52282054721386,3.41992179212907e-05,7.84802862124417e-05,2.7608773211719
397,"Q9NZJ7|MTCH1_HUMAN","Mitochondrial carrier homolog 1 OS=Homo sapiens GN=MTCH1 PE=1 SV=1",2.99439783561519,5.11647545873024,1.81879341903338,0.101979278764537,0.117350068607308,-4.83327141261973
362,"Q96ER9|CCD51_HUMAN","Coiled-coil domain-containing protein 51 OS=Homo sapiens GN=CCDC51 PE=1 SV=2",2.7354209893237,4.9869870355845,1.72729399895599,0.117862284805783,0.127496803999717,-4.9616583667116
228,"Q12797|ASPH_HUMAN","Aspartyl/asparaginyl beta-hydroxylase OS=Homo sapiens GN=ASPH PE=1 SV=3",4.33419311037015,5.78637309610772,2.90964570980918,0.0171502862651027,0.0239741677719922,-3.16347551444378
430,"Q7L804|RFIP2_HUMAN","Rab11 family-interacting protein 2 OS=Homo sapiens GN=RAB11FIP2 PE=1 SV=1",4.41815669767605,5.82835488976067,2.85573208100769,0.0187327204367386,0.0257331834373191,-3.24850498083177
154,"Q9NPL8|TIDC1_HUMAN","Complex I assembly factor TIMMDC1, mitochondrial OS=Homo sapiens GN=TIMMDC1 PE=1 SV=2",3.89571837804524,5.56713572994527,2.52928926707894,0.0320435115025082,0.0424042468883192,-3.7620111974248
287,"Q9NUQ2|PLCE_HUMAN","1-acyl-sn-glycerol-3-phosphate acyltransferase epsilon OS=Homo sapiens GN=AGPAT5 PE=1 SV=3",4.6543199415781,5.9464365117117,2.99525041624073,0.0149131737186733,0.0216077735996836,-3.02853996014784
308,"O15155|BET1_HUMAN","BET1 homolog OS=Homo sapiens GN=BET1 PE=1 SV=1",2.70797811883097,4.97326560033814,1.76471050215568,0.111109761673046,0.122359588113275,-4.90953149571537
440,"Q9NRP0|OSTC_HUMAN","Oligosaccharyltransferase complex subunit OSTC OS=Homo sapiens GN=OSTC PE=1 SV=1",4.21262838932072,5.72559073558301,2.71541460573315,0.0235855633310063,0.0320666734329093,-3.4697098615751
319,"A1L0T0|ILVBL_HUMAN","Acetolactate synthase-like protein OS=Homo sapiens GN=ILVBL PE=1 SV=2",2.87601131779515,5.05728219982023,1.84387078024843,0.0979867497185085,0.115432461834563,-4.79756207157064
368,"P60602|ROMO1_HUMAN","Reactive oxygen species modulator 1 OS=Homo sapiens GN=ROMO1 PE=1 SV=1",4.12515756971939,5.68185532578234,2.89383813099524,0.0175995763363132,0.0244301811381691,-3.18840457207348
225,"Q9UNK0|STX8_HUMAN","Syntaxin-8 OS=Homo sapiens GN=STX8 PE=1 SV=2",5.51709618538126,6.37782463361328,5.71286050662609,0.000279292491525972,0.000554395595679055,0.823127476298833
241,"Q13564|ULA1_HUMAN","NEDD8-activating enzyme E1 regulatory subunit OS=Homo sapiens GN=NAE1 PE=1 SV=1",4.7270881275156,5.98282060468045,2.97918347581498,0.0153090011549434,0.0220781159700953,-3.05385411258207
378,"Q8NHH9|ATLA2_HUMAN","Atlastin-2 OS=Homo sapiens GN=ATL2 PE=1 SV=2",4.40768642669335,5.82311975426932,2.95155391326814,0.0160150690236846,0.0227117549101625,-3.09739980476122
277,"P03905|NU4M_HUMAN","NADH-ubiquinone oxidoreductase chain 4 OS=Homo sapiens GN=MT-ND4 PE=1 SV=1",4.42639486853631,5.8324739751908,2.97286063163257,0.0154677125829329,0.0221685266982829,-3.06381777690091
217,"P08574|CY1_HUMAN","Cytochrome c1, heme protein, mitochondrial OS=Homo sapiens GN=CYC1 PE=1 SV=3",5.25941228932152,6.24898268558341,6.02474904690556,0.000188922941688786,0.000386610349744577,1.19211734824085
273,"O15127|SCAM2_HUMAN","Secretory carrier-associated membrane protein 2 OS=Homo sapiens GN=SCAMP2 PE=1 SV=2",2.61434454368964,4.92644881276747,1.74549362099672,0.114532009538194,0.124573172018255,-4.93637017016843
323,"Q9P0J0|NDUAD_HUMAN","NADH dehydrogenase [ubiquinone] 1 alpha subcomplex subunit 13 OS=Homo sapiens GN=NDUFA13 PE=1 SV=3",3.87048410144036,5.55451859164283,2.67856867898728,0.0250593685033867,0.0337239637147271,-3.5277160597639
313,"P60033|CD81_HUMAN","CD81 antigen OS=Homo sapiens GN=CD81 PE=1 SV=1",2.72450474374644,4.98152891279587,1.81051526895181,0.103330147415616,0.11856089168786,-4.8450116867198
394,"P55011|S12A2_HUMAN","Solute carrier family 12 member 2 OS=Homo sapiens GN=SLC12A2 PE=1 SV=1",5.38623925467805,6.31239616826167,6.58991126944191,9.60729499083338e-05,0.000206167357370857,1.82223749553009
338,"Q9BZH6|WDR11_HUMAN","WD repeat-containing protein 11 OS=Homo sapiens GN=WDR11 PE=1 SV=1",2.71185127718257,4.97520217951393,1.80630322110476,0.104023858116887,0.119012886663989,-4.85097610616862
393,"Q9H3U1|UN45A_HUMAN","Protein unc-45 homolog A OS=Homo sapiens GN=UNC45A PE=1 SV=1",4.34323458908309,5.79089383546419,2.95284995311123,0.0159812143972108,0.0227117549101625,-3.09535682197131
181,"Q96G23|CERS2_HUMAN","Ceramide synthase 2 OS=Homo sapiens GN=CERS2 PE=1 SV=1",4.53156914212163,5.88506111198346,2.91773925342962,0.0169248037066378,0.0237425691573683,-3.15071270763332
337,"Q9C0H2|TTYH3_HUMAN","Protein tweety homolog 3 OS=Homo sapiens GN=TTYH3 PE=1 SV=3",3.98839159147772,5.61347233666151,2.72772224749251,0.0231130546843163,0.031532242988569,-3.45032359796666
301,"Q99797|MIPEP_HUMAN","Mitochondrial intermediate peptidase OS=Homo sapiens GN=MIPEP PE=1 SV=2",2.58340184084314,4.91097746134422,1.76642152957486,0.110809671169214,0.122359588113275,-4.90713512903795
431,"O00515|LAD1_HUMAN","Ladinin-1 OS=Homo sapiens GN=LAD1 PE=1 SV=2",2.65663351136589,4.94759329660559,1.80373563910869,0.104448850632699,0.119155729026384,-4.85460883223542
297,"P55081|MFAP1_HUMAN","Microfibrillar-associated protein 1 OS=Homo sapiens GN=MFAP1 PE=1 SV=2",2.3404546417627,4.789503861804,1.607330336399,0.14211937147619,0.149262937767322,-5.12497851130016
300,"Q9Y4W6|AFG32_HUMAN","AFG3-like protein 2 OS=Homo sapiens GN=AFG3L2 PE=1 SV=2",2.60854704148381,4.92355006166456,1.74911189246417,0.113880318546757,0.124204633140281,-4.93132747763272
364,"Q5BJD5|TM41B_HUMAN","Transmembrane protein 41B OS=Homo sapiens GN=TMEM41B PE=1 SV=1",4.14199548084173,5.69027428134351,2.90009780011259,0.0174202399010413,0.0242660885639066,-3.17853260941479
331,"P00167|CYB5_HUMAN","Cytochrome b5 OS=Homo sapiens GN=CYB5A PE=1 SV=2",2.43112591340706,4.83483949762618,1.69645608934248,0.123708527806035,0.132378128137455,-5.00421096336145
340,"P04233|HG2A_HUMAN","HLA class II histocompatibility antigen gamma chain OS=Homo sapiens GN=CD74 PE=1 SV=3",2.51177322292419,4.87516315238474,1.76710071533992,0.110690759014416,0.122359588113275,-4.90618359895076
334,"O14735|CDIPT_HUMAN","CDP-diacylglycerol--inositol 3-phosphatidyltransferase OS=Homo sapiens GN=CDIPT PE=1 SV=1",4.02864877419278,5.63360092801904,2.8561742315794,0.0187191543381716,0.0257331834373191,-3.24780760890985
335,"Q13685|AAMP_HUMAN","Angio-associated migratory cell protein OS=Homo sapiens GN=AAMP PE=1 SV=2",4.59077267018269,5.91466287601399,4.65573190316276,0.001162045995581,0.00219682028688408,-0.545039684985035
307,"Q13308|PTK7_HUMAN","Inactive tyrosine-protein kinase 7 OS=Homo sapiens GN=PTK7 PE=1 SV=2",2.44092700987456,4.83974004585993,1.7226712799782,0.118722221395271,0.12807804862479,-4.96806113403557
339,"Q9NY26|S39A1_HUMAN","Zinc transporter ZIP1 OS=Homo sapiens GN=SLC39A1 PE=1 SV=1",2.32112726963535,4.77984017574032,1.71561731256252,0.120045519154381,0.129154664239266,-4.9778151722956
429,"O00400|ACATN_HUMAN","Acetyl-coenzyme A transporter 1 OS=Homo sapiens GN=SLC33A1 PE=1 SV=1",2.23280830754633,4.73568069469581,1.67800670372674,0.127331597450746,0.135888828462221,-5.02948573426851
344,"Q969M3|YIPF5_HUMAN","Protein YIPF5 OS=Homo sapiens GN=YIPF5 PE=1 SV=1",2.16074343631589,4.6996482590806,1.6141472469515,0.140628387212051,0.148088779106589,-5.11586289867115
267,"O94901|SUN1_HUMAN","SUN domain-containing protein 1 OS=Homo sapiens GN=SUN1 PE=1 SV=3",2.05400541959743,4.64627925072137,1.55668738480329,0.153646889639154,0.160099252458646,-5.19203469911334
369,"Q9Y385|UB2J1_HUMAN","Ubiquitin-conjugating enzyme E2 J1 OS=Homo sapiens GN=UBE2J1 PE=1 SV=2",2.22019036761143,4.72937172472836,1.66859360562868,0.129217111890181,0.137531349652551,-5.0423271495589
39,"Q12907|LMAN2_HUMAN","Vesicular integral-membrane protein VIP36 OS=Homo sapiens GN=LMAN2 PE=1 SV=1",9.5953434119449,9.03488903213252,12.3388521023048,5.55522704225862e-07,1.86900435235311e-06,6.09528579303847
377,"O95258|UCP5_HUMAN","Brain mitochondrial carrier protein 1 OS=Homo sapiens GN=SLC25A14 PE=2 SV=1",3.15638678328805,5.19746993256667,2.58257778044527,0.0293502998413649,0.0391009028087981,-3.67853567503312
375,"P36222|CH3L1_HUMAN","Chitinase-3-like protein 1 OS=Homo sapiens GN=CHI3L1 PE=1 SV=2",2.12172280424415,4.68013794304472,1.65470871888373,0.132044678224891,0.140165072875085,-5.06120120866968
365,"P62070|RRAS2_HUMAN","Ras-related protein R-Ras2 OS=Homo sapiens GN=RRAS2 PE=1 SV=1",3.09333754247161,5.16594531215845,2.47350214514467,0.0351281580063733,0.0461784063858616,-3.84915147581093
222,"O76024|WFS1_HUMAN","Wolframin OS=Homo sapiens GN=WFS1 PE=1 SV=2",3.65572437231448,5.44713872707989,2.62105134248844,0.0275481137828847,0.0369479769317744,-3.61814719413442
258,"P14209|CD99_HUMAN","CD99 antigen OS=Homo sapiens GN=CD99 PE=1 SV=1",4.60028029672134,5.91941668928332,4.52108363399147,0.00140961755583138,0.00262731535054018,-0.732400693105624
117,"Q9H115|SNAB_HUMAN","Beta-soluble NSF attachment protein OS=Homo sapiens GN=NAPB PE=1 SV=2",3.1409953247336,5.18977420328945,2.59687515130478,0.0286671459944917,0.0383193837030748,-3.65610509992527
34,"P02786|TFR1_HUMAN","Transferrin receptor protein 1 OS=Homo sapiens GN=TFRC PE=1 SV=2",9.74666036103182,9.38140884099243,10.4888737915178,2.2250373376642e-06,6.44773593469116e-06,5.05893403683599
361,"Q96HR9|REEP6_HUMAN","Receptor expression-enhancing protein 6 OS=Homo sapiens GN=REEP6 PE=1 SV=1",2.69097337773968,4.96476322979249,2.29158294749555,0.0473846651575174,0.0614761832272367,-4.13091187209826
185,"Q9P2W9|STX18_HUMAN","Syntaxin-18 OS=Homo sapiens GN=STX18 PE=1 SV=1",2.70508575218031,4.9718194170128,1.897346460189,0.0899561426090178,0.111254170142617,-4.72071887246006
75,"Q14571|ITPR2_HUMAN","Inositol 1,4,5-trisphosphate receptor type 2 OS=Homo sapiens GN=ITPR2 PE=1 SV=2",3.86385652980129,5.5512048058233,2.71243353674675,0.0237014743875075,0.0321142844090119,-3.47440473863198
43,"P35613|BASI_HUMAN","Basigin OS=Homo sapiens GN=BSG PE=1 SV=2",10.5652079538486,10.1221712381232,9.26387624318384,6.29816036117965e-06,1.70093174380158e-05,4.22023277941427
406,"P78310|CXAR_HUMAN","Coxsackievirus and adenovirus receptor OS=Homo sapiens GN=CXADR PE=1 SV=1",1.26490732633027,4.25173020408779,1.2599627611116,0.239076876115135,0.246528622903139,-5.55827098637773
87,"Q5JTV8|TOIP1_HUMAN","Torsin-1A-interacting protein 1 OS=Homo sapiens GN=TOR1AIP1 PE=1 SV=2",6.81383266280112,8.76810035284653,9.48373216871451,5.18264097512347e-06,1.43881710987694e-05,4.3810718506253
40,"Q9UJS0|CMC2_HUMAN","Calcium-binding mitochondrial carrier protein Aralar2 OS=Homo sapiens GN=SLC25A13 PE=1 SV=2",9.31188901155425,9.48372986008918,7.95147462076431,2.19590803367873e-05,5.18913981768128e-05,3.15320151419005
18,"P08195|4F2_HUMAN","4F2 cell-surface antigen heavy chain OS=Homo sapiens GN=SLC3A2 PE=1 SV=3",10.2912363567082,10.1858920012701,7.93898002888772,2.22386593537372e-05,5.22411110262347e-05,3.14209141845462
65,"P51148|RAB5C_HUMAN","Ras-related protein Rab-5C OS=Homo sapiens GN=RAB5C PE=1 SV=2",8.90663122075122,9.10194391854212,8.83329913401209,9.3311833568741e-06,2.35954126922231e-05,3.89101615925592
78,"O75396|SC22B_HUMAN","Vesicle-trafficking protein SEC22b OS=Homo sapiens GN=SEC22B PE=1 SV=4",6.16384116848934,10.8292271683047,11.1700116376867,1.30411018962242e-06,3.90207893333497e-06,5.46965348065117
226,"P56134|ATPK_HUMAN","ATP synthase subunit f, mitochondrial OS=Homo sapiens GN=ATP5J2 PE=1 SV=3",8.1749053281015,8.58418228432972,8.15723293432763,1.78682715176849e-05,4.29921441970964e-05,3.33343484716278
9,"Q15029|U5S1_HUMAN","116 kDa U5 small nuclear ribonucleoprotein component OS=Homo sapiens GN=EFTUD2 PE=1 SV=1",7.48802756330445,11.202013587343,5.72614156732313,0.000274608544109065,0.000550481608845133,0.839156348486041
73,"Q92820|GGH_HUMAN","Gamma-glutamyl hydrolase OS=Homo sapiens GN=GGH PE=1 SV=2",8.04041433634383,8.56743781082688,8.61755381619044,1.14298513263223e-05,2.83603186034372e-05,3.71865746365927
376,"P08962|CD63_HUMAN","CD63 antigen OS=Homo sapiens GN=CD63 PE=1 SV=2",8.39087803678714,10.2921228297121,6.21333462076368,0.000150082679990381,0.000311951957885766,1.40780590311179
19,"Q9Y277|VDAC3_HUMAN","Voltage-dependent anion-selective channel protein 3 OS=Homo sapiens GN=VDAC3 PE=1 SV=1",5.29556800036769,13.0877080469384,13.2139872895371,3.07098466545565e-07,1.12887121498694e-06,6.50661269255031
35,"P31689|DNJA1_HUMAN","DnaJ homolog subfamily A member 1 OS=Homo sapiens GN=DNAJA1 PE=1 SV=2",7.64874113039417,9.86338517456145,6.10110771568023,0.000172017165378429,0.000355681326329357,1.28011614490173
11,"Q9BSJ8|ESYT1_HUMAN","Extended synaptotagmin-1 OS=Homo sapiens GN=ESYT1 PE=1 SV=1",8.26637743206995,10.792652092885,5.50725264143285,0.000364008687872552,0.000715403213294075,0.571345821976762
4,"P05023|AT1A1_HUMAN","Sodium/potassium-transporting ATPase subunit alpha-1 OS=Homo sapiens GN=ATP1A1 PE=1 SV=1",7.47268077923462,12.3221169039304,4.99529181431817,0.000756409318504762,0.00145069806495841,-0.121104744609391
7,"P42166|LAP2A_HUMAN","Lamina-associated polypeptide 2, isoform alpha OS=Homo sapiens GN=TMPO PE=1 SV=2",7.73931180719545,9.57826430465853,6.41720980616927,0.000117623583054572,0.000248385970599281,1.63482853099939
96,"P61224|RAP1B_HUMAN","Ras-related protein Rap-1b OS=Homo sapiens GN=RAP1B PE=1 SV=1",6.86577505257905,9.20199125015338,5.77978549434189,0.000256537908074976,0.000516982484800841,0.903610907065421
96,"P62834|RAP1A_HUMAN","Ras-related protein Rap-1A OS=Homo sapiens GN=RAP1A PE=1 SV=1",6.86577505257905,9.20199125015338,5.77978549434189,0.000256537908074976,0.000516982484800841,0.903610907065421
85,"Q00325|MPCP_HUMAN","Phosphate carrier protein, mitochondrial OS=Homo sapiens GN=SLC25A3 PE=1 SV=2",4.53598732658997,14.5474237831558,11.2606510252845,1.2172393767175e-06,3.71726178889883e-06,5.52160644473728
4,"P13637|AT1A3_HUMAN","Sodium/potassium-transporting ATPase subunit alpha-3 OS=Homo sapiens GN=ATP1A3 PE=1 SV=3",6.46294415752242,11.4357815190545,4.65722566236326,0.00115957597564017,0.00219682028688408,-0.542977466879379
380,"Q9BVC6|TM109_HUMAN","Transmembrane protein 109 OS=Homo sapiens GN=TMEM109 PE=1 SV=1",8.1524279317187,8.95752054187418,6.85803695112765,7.06716771793379e-05,0.000155870310223317,2.1045112652087
24,"P16615|AT2A2_HUMAN","Sarcoplasmic/endoplasmic reticulum calcium ATPase 2 OS=Homo sapiens GN=ATP2A2 PE=1 SV=1",6.26642455801059,11.3455626195522,4.61185948457375,0.00123716512184007,0.00232774669843843,-0.605768312233049
24,"O14983|AT2A1_HUMAN","Sarcoplasmic/endoplasmic reticulum calcium ATPase 1 OS=Homo sapiens GN=ATP2A1 PE=1 SV=1",7.83287264634798,8.5303224230957,8.1821903057942,1.74318339664512e-05,4.21977931992751e-05,3.35495090089385
200,"Q9NS69|TOM22_HUMAN","Mitochondrial import receptor subunit TOM22 homolog OS=Homo sapiens GN=TOMM22 PE=1 SV=3",7.22262216162231,8.0948939373713,8.69554832101283,1.06166299288562e-05,2.66759625427591e-05,3.7815540794444
4,"P50993|AT1A2_HUMAN","Sodium/potassium-transporting ATPase subunit alpha-2 OS=Homo sapiens GN=ATP1A2 PE=1 SV=1",6.35621694570849,11.3824179131475,4.59976930422259,0.00125876853566223,0.0023572222106505,-0.622558042455414
51,"P54709|AT1B3_HUMAN","Sodium/potassium-transporting ATPase subunit beta-3 OS=Homo sapiens GN=ATP1B3 PE=1 SV=1",6.99112473556164,12.3346456473321,4.50307397951633,0.00150346309448864,0.0027891348061308,-0.786201830707737
59,"P49755|TMEDA_HUMAN","Transmembrane emp24 domain-containing protein 10 OS=Homo sapiens GN=TMED10 PE=1 SV=2",4.59589215465815,12.5930636390548,10.2544062301979,2.69295053539458e-06,7.63643830394034e-06,4.90882279591583
103,"Q14165|MLEC_HUMAN","Malectin OS=Homo sapiens GN=MLEC PE=1 SV=1",7.25007744868535,8.32109689099036,6.83412015279032,7.26090131161476e-05,0.000159258443133208,2.07975441272244
29,"P23229|ITA6_HUMAN","Integrin alpha-6 OS=Homo sapiens GN=ITGA6 PE=1 SV=5",5.33492217572412,11.457789542642,3.49150652544342,0.00671388053940454,0.0119043136700239,-2.25346149216445
12,"P27824|CALX_HUMAN","Calnexin OS=Homo sapiens GN=CANX PE=1 SV=2",4.88621374780387,14.7906671781668,7.21244954732919,4.77025502982994e-05,0.000108216642676714,2.46194004959791
97,"P51571|SSRD_HUMAN","Translocon-associated protein subunit delta OS=Homo sapiens GN=SSR4 PE=1 SV=1",4.12515097817046,12.3126773386317,9.0483317343624,7.65322645961726e-06,1.98583719246278e-05,4.05783507154439
130,"P16422|EPCAM_HUMAN","Epithelial cell adhesion molecule OS=Homo sapiens GN=EPCAM PE=1 SV=2",4.00016317033156,12.7282900717762,9.53834752503453,4.94052701121507e-06,1.38126001651576e-05,4.4202925402424
8,"Q16891|MIC60_HUMAN","MICOS complex subunit MIC60 OS=Homo sapiens GN=IMMT PE=1 SV=1",3.96585598496528,13.7699307532284,11.5636075939791,9.70119514081235e-07,3.081099576722e-06,5.6908971566973
3,"P04844|RPN2_HUMAN","Dolichyl-diphosphooligosaccharide--protein glycosyltransferase subunit 2 OS=Homo sapiens GN=RPN2 PE=1 SV=3",3.7596686333412,14.610832283644,8.38127911103302,1.43411217904459e-05,3.51446009309075e-05,3.5239696660526
240,"O00767|ACOD_HUMAN","Acyl-CoA desaturase OS=Homo sapiens GN=SCD PE=1 SV=2",5.95814791890717,8.0788067002481,2.41897956866604,0.0406881893664543,0.053135563087113,-3.95909231639828
23,"P05141|ADT2_HUMAN","ADP/ATP translocase 2 OS=Homo sapiens GN=SLC25A5 PE=1 SV=7",3.82249213213013,15.417578980294,13.1232846604468,3.26008260359793e-07,1.16599350777331e-06,6.46603797646997
38,"Q15758|AAAT_HUMAN","Neutral amino acid transporter B(0) OS=Homo sapiens GN=SLC1A5 PE=1 SV=2",8.1734368628072,12.0986479967197,3.85472927290144,0.00446706258853233,0.00821029559095989,-1.80999285843722
131,"Q9P035|HACD3_HUMAN","Very-long-chain (3R)-3-hydroxyacyl-CoA dehydratase 3 OS=Homo sapiens GN=HACD3 PE=1 SV=2",3.876095953804,12.5350456175145,7.20490055718029,4.8096507395819e-05,0.000108490417250796,2.45450801749503
4,"P20648|ATP4A_HUMAN","Potassium-transporting ATPase alpha chain 1 OS=Homo sapiens GN=ATP4A PE=2 SV=5",6.1291735764828,8.97315208113082,5.1015619356677,0.000624674822659229,0.0012038636145423,0.0543111724650682
41,"Q53GQ0|DHB12_HUMAN","Very-long-chain 3-oxoacyl-CoA reductase OS=Homo sapiens GN=HSD17B12 PE=1 SV=2",3.9251424855213,14.1362947745427,9.0971923056024,7.32008080297457e-06,1.91188952551375e-05,4.09506522400753
2,"P04843|RPN1_HUMAN","Dolichyl-diphosphooligosaccharide--protein glycosyltransferase subunit 1 OS=Homo sapiens GN=RPN1 PE=1 SV=1",4.38435292927286,15.4184456992924,6.8659086628139,7.00464419877904e-05,0.00015535439926901,2.11264159449929
173,"O75340|PDCD6_HUMAN","Programmed cell death protein 6 OS=Homo sapiens GN=PDCD6 PE=1 SV=1",7.89710329937181,8.79360008048642,7.06172133490915,5.62838489295433e-05,0.00012553195519679,2.31206723695397
44,"Q9NVI7|ATD3A_HUMAN","ATPase family AAA domain-containing protein 3A OS=Homo sapiens GN=ATAD3A PE=1 SV=2",3.59127490779577,12.7165540864016,7.58973798263016,3.18743053232642e-05,7.35703442635807e-05,2.82366456418253
57,"Q96A33|CCD47_HUMAN","Coiled-coil domain-containing protein 47 OS=Homo sapiens GN=CCDC47 PE=1 SV=1",5.22409576156005,11.1678801609261,3.61489445328832,0.00552765469254238,0.0101128060504116,-2.06392678808128
129,"Q9NYL4|FKB11_HUMAN","Peptidyl-prolyl cis-trans isomerase FKBP11 OS=Homo sapiens GN=FKBP11 PE=1 SV=1",8.51091085596848,9.47062182539476,6.08093450508649,0.000176317590179169,0.000362684369435907,1.25695620389844
32,"Q9H0U4|RAB1B_HUMAN","Ras-related protein Rab-1B OS=Homo sapiens GN=RAB1B PE=1 SV=1",3.41098311933351,14.2228756901589,9.4313682884134,5.42708154787227e-06,1.49428122449229e-05,4.34319605529699
190,"P11279|LAMP1_HUMAN","Lysosome-associated membrane glycoprotein 1 OS=Homo sapiens GN=LAMP1 PE=1 SV=3",7.63479209034754,8.83916540797562,6.27919949862012,0.000138640177743545,0.000291217727852844,1.48184175123077
161,"P04264|K2C1_HUMAN","Keratin, type II cytoskeletal 1 OS=Homo sapiens GN=KRT1 PE=1 SV=6",3.1209675238035,15.3358415735173,7.84015445750846,2.45925446806406e-05,5.70949721533001e-05,3.05353833722218
6,"P21796|VDAC1_HUMAN","Voltage-dependent anion-selective channel protein 1 OS=Homo sapiens GN=VDAC1 PE=1 SV=2",3.39666852645558,15.8535878496905,10.1403702077515,2.95891195600006e-06,8.33112089739025e-06,4.83411150686022
203,"Q9NZ45|CISD1_HUMAN","CDGSH iron-sulfur domain-containing protein 1 OS=Homo sapiens GN=CISD1 PE=1 SV=1",7.51054532903144,8.69798998870308,6.52639103621737,0.000103453137478364,0.000220811266553283,1.75382420232019
186,"O00264|PGRC1_HUMAN","Membrane-associated progesterone receptor component 1 OS=Homo sapiens GN=PGRMC1 PE=1 SV=3",6.97715292391062,10.7239671007379,4.01727716383702,0.00297153710321749,0.0054869778138481,-1.45840096301623
52,"P50416|CPT1A_HUMAN","Carnitine O-palmitoyltransferase 1, liver isoform OS=Homo sapiens GN=CPT1A PE=1 SV=2",8.99103273667175,9.79496034669281,5.60597436191729,0.000320298197458338,0.000632628778064479,0.69309191146345
14,"P39656|OST48_HUMAN","Dolichyl-diphosphooligosaccharide--protein glycosyltransferase 48 kDa subunit OS=Homo sapiens GN=DDOST PE=1 SV=4",3.13466784030173,14.8418785899942,8.38796806795392,1.42483023419003e-05,3.51340126070461e-05,3.52956847041968
22,"Q96AG4|LRC59_HUMAN","Leucine-rich repeat-containing protein 59 OS=Homo sapiens GN=LRRC59 PE=1 SV=1",3.44698990381216,14.0584444004914,7.48611838095805,3.55527107195916e-05,8.1117391699298e-05,2.72619285171756
32,"Q92928|RAB1C_HUMAN","Putative Ras-related protein Rab-1C OS=Homo sapiens GN=RAB1C PE=5 SV=2",3.01603542324096,13.478742905873,8.18367533058775,1.74062359484661e-05,4.21977931992751e-05,3.35622883124359
15,"P45880|VDAC2_HUMAN","Voltage-dependent anion-selective channel protein 2 OS=Homo sapiens GN=VDAC2 PE=1 SV=2",3.13775406267204,15.0764389506313,8.98869878722656,8.08259647881887e-06,2.05691718082762e-05,4.01206066225855
256,"P61009|SPCS3_HUMAN","Signal peptidase complex subunit 3 OS=Homo sapiens GN=SPCS3 PE=1 SV=1",7.87874911840627,9.12850940377059,5.72235824980966,0.000275934106196931,0.000550481608845133,0.834593161834118
223,"P43307|SSRA_HUMAN","Translocon-associated protein subunit alpha OS=Homo sapiens GN=SSR1 PE=1 SV=3",2.78390865691645,11.9295923219077,5.39484747067198,0.00042178026474668,0.000820817476002117,0.430792474448486
16,"P42167|LAP2B_HUMAN","Lamina-associated polypeptide 2, isoforms beta/gamma OS=Homo sapiens GN=TMPO PE=1 SV=2",7.2828684100146,8.73825290964107,5.5008697535716,0.000367048973513734,0.000717824839827352,0.56341975271756
170,"Q9H3N1|TMX1_HUMAN","Thioredoxin-related transmembrane protein 1 OS=Homo sapiens GN=TMX1 PE=1 SV=1",7.92899269581601,9.31945930022545,5.36971376508795,0.000436009614548808,0.000844369838906715,0.399082332864609
229,"P60468|SC61B_HUMAN","Protein transport protein Sec61 subunit beta OS=Homo sapiens GN=SEC61B PE=1 SV=2",2.12465851073485,11.2452932285198,2.70369314626647,0.0240446541587399,0.0324684615680944,-3.48816822518824
109,"O43169|CYB5B_HUMAN","Cytochrome b5 type B OS=Homo sapiens GN=CYB5B PE=1 SV=2",5.1483253937563,12.3582677198523,2.88377508763188,0.0190287537939519,0.0260497077799963,-3.23816090460882
284,"Q9UNL2|SSRG_HUMAN","Translocon-associated protein subunit gamma OS=Homo sapiens GN=SSR3 PE=1 SV=1",2.70087733102934,11.4794449497279,5.9018043759193,0.000220057150517333,0.000448013788489134,1.04850760879457
89,"O95782|AP2A1_HUMAN","AP-2 complex subunit alpha-1 OS=Homo sapiens GN=AP2A1 PE=1 SV=3",2.29815233229142,6.04929647956531,1.09681324248445,0.300935845046164,0.308711965073196,-5.73686371455342
194,"Q9BT22|ALG1_HUMAN","Chitobiosyldiphosphodolichol beta-mannosyltransferase OS=Homo sapiens GN=ALG1 PE=1 SV=2",3.40390508432745,6.67313619632818,1.91242281004381,0.087806371236508,0.109450804567354,-4.69889064444261
165,"Q8NFQ8|TOIP2_HUMAN","Torsin-1A-interacting protein 2 OS=Homo sapiens GN=TOR1AIP2 PE=1 SV=1",1.2410593457529,7.95025857033136,0.671893241414919,0.519806335162041,0.529136192459821,-6.10522119963743
160,"Q9H0U3|MAGT1_HUMAN","Magnesium transporter protein 1 OS=Homo sapiens GN=MAGT1 PE=1 SV=1",1.09089913204072,12.6303029412518,2.35113794518908,0.0429670000390595,0.0559275377557594,-4.03914415106589
285,"P48426|PI42A_HUMAN","Phosphatidylinositol 5-phosphate 4-kinase type-2 alpha OS=Homo sapiens GN=PIP4K2A PE=1 SV=2",-2.00252643892142,7.62838245804052,-0.943633202659077,0.371857190410507,0.379504639056481,-5.88509253006282
216,"Q16563|SYPL1_HUMAN","Synaptophysin-like protein 1 OS=Homo sapiens GN=SYPL1 PE=1 SV=1",-0.107640637265002,14.2534653654253,-0.271765854629737,0.791875459694256,0.795884955692708,-6.30414591161776
322,"Q04941|PLP2_HUMAN","Proteolipid protein 2 OS=Homo sapiens GN=PLP2 PE=1 SV=1",-0.0357049513231953,14.4341987731187,-0.106957746721503,0.917146613410815,0.917146613410815,-6.33757796723629
345,"Q99523|SORT_HUMAN","Sortilin OS=Homo sapiens GN=SORT1 PE=1 SV=3",-1.4979504644115,9.28171414246443,-0.97877171135159,0.353029148810976,0.361217969273086,-5.85429939758604
193,"P28068|DMB_HUMAN","HLA class II histocompatibility antigen, DM beta chain OS=Homo sapiens GN=HLA-DMB PE=1 SV=1",-0.193431712829732,13.8137169219585,-0.495797910669233,0.63180622464275,0.641501460826527,-6.21324054931225
351,"P60059|SC61G_HUMAN","Protein transport protein Sec61 subunit gamma OS=Homo sapiens GN=SEC61G PE=1 SV=1",0.10476046103858,15.8150316148927,0.280336638468629,0.785496595005347,0.793491471290389,-6.3016209316022
353,"P22897|MRC1_HUMAN","Macrophage mannose receptor 1 OS=Homo sapiens GN=MRC1 PE=1 SV=1",-2.63560522662568,12.575143740214,-1.2219641434354,0.255094830315359,0.26236437211191,-5.59985172676166
175,"P09382|LEG1_HUMAN","Galectin-1 OS=Homo sapiens GN=LGALS1 PE=1 SV=2",5.2894768907473,7.87742069625009,3.46890647952315,0.00763081258310702,0.0130578991185064,-2.34768367909694
415,"P12318|FCG2A_HUMAN","Low affinity immunoglobulin gamma Fc region receptor II-a OS=Homo sapiens GN=FCGR2A PE=1 SV=4",-3.11858373668867,13.6892168938272,-1.28859546586745,0.232094896521272,0.239952275830586,-5.52388927772731
415,"P31995|FCG2C_HUMAN","Low affinity immunoglobulin gamma Fc region receptor II-c OS=Homo sapiens GN=FCGR2C PE=1 SV=1",-3.11858373668867,13.6892168938272,-1.28859546586745,0.232094896521272,0.239952275830586,-5.52388927772731
342,"O15431|COPT1_HUMAN","High affinity copper uptake protein 1 OS=Homo sapiens GN=SLC31A1 PE=1 SV=1",-0.64188919734179,13.4813499186319,-1.64866683544094,0.133292492453892,0.141112318677854,-5.06938856126885
191,"P05107|ITB2_HUMAN","Integrin beta-2 OS=Homo sapiens GN=ITGB2 PE=1 SV=2",-0.536982848669012,19.1698248551461,-1.88645675549444,0.0915396355440413,0.112164306515384,-4.73644153729786
386,"Q9UPI3|FLVC2_HUMAN","Feline leukemia virus subgroup C receptor-related protein 2 OS=Homo sapiens GN=FLVCR2 PE=1 SV=1",-3.73791872127144,8.65213126252096,-2.50513650692468,0.0333443327979115,0.0439790701686739,-3.79977227988031
236,"Q9NXW2|DJB12_HUMAN","DnaJ homolog subfamily B member 12 OS=Homo sapiens GN=DNAJB12 PE=1 SV=4",4.54743934544432,8.24319240331165,1.65526182165808,0.134881335579169,0.142414601662048,-5.06331839868086
314,"O60449|LY75_HUMAN","Lymphocyte antigen 75 OS=Homo sapiens GN=LY75 PE=1 SV=3",-0.755656551772084,12.8254049927794,-1.85020653811726,0.0970013854008851,0.115021253392652,-4.78850649567961
355,"P13762|DRB4_HUMAN","HLA class II histocompatibility antigen, DR beta 4 chain OS=Homo sapiens GN=HLA-DRB4 PE=1 SV=2",-0.665908503560889,13.918498074116,-2.24751416733535,0.0509379034040655,0.0658708392554202,-4.19846404780348
413,"Q9UIB8|SLAF5_HUMAN","SLAM family member 5 OS=Homo sapiens GN=CD84 PE=1 SV=1",-0.986143577914033,11.6015301964949,-2.13997708912259,0.060735713907873,0.0782859689007324,-4.36184317755397
318,"P04229|2B11_HUMAN","HLA class II histocompatibility antigen, DRB1-1 beta chain OS=Homo sapiens GN=HLA-DRB1 PE=1 SV=2",-0.672517209766927,17.8652528569919,-1.76033584729022,0.111880429433548,0.122359588113275,-4.91565342676629
318,"P01911|2B1F_HUMAN","HLA class II histocompatibility antigen, DRB1-15 beta chain OS=Homo sapiens GN=HLA-DRB1 PE=1 SV=2",-0.672517209766927,17.8652528569919,-1.76033584729022,0.111880429433548,0.122359588113275,-4.91565342676629
318,"P13760|2B14_HUMAN","HLA class II histocompatibility antigen, DRB1-4 beta chain OS=Homo sapiens GN=HLA-DRB1 PE=1 SV=1",-0.672517209766927,17.8652528569919,-1.76033584729022,0.111880429433548,0.122359588113275,-4.91565342676629
318,"P79483|DRB3_HUMAN","HLA class II histocompatibility antigen, DR beta 3 chain OS=Homo sapiens GN=HLA-DRB3 PE=1 SV=1",-0.672517209766927,17.8652528569919,-1.76033584729022,0.111880429433548,0.122359588113275,-4.91565342676629
318,"P13761|2B17_HUMAN","HLA class II histocompatibility antigen, DRB1-7 beta chain OS=Homo sapiens GN=HLA-DRB1 PE=1 SV=1",-0.672517209766927,17.8652528569919,-1.76033584729022,0.111880429433548,0.122359588113275,-4.91565342676629
318,"Q9TQE0|2B19_HUMAN","HLA class II histocompatibility antigen, DRB1-9 beta chain OS=Homo sapiens GN=HLA-DRB1 PE=1 SV=1",-0.672517209766927,17.8652528569919,-1.76033584729022,0.111880429433548,0.122359588113275,-4.91565342676629
318,"Q30134|2B18_HUMAN","HLA class II histocompatibility antigen, DRB1-8 beta chain OS=Homo sapiens GN=HLA-DRB1 PE=1 SV=2",-0.672517209766927,17.8652528569919,-1.76033584729022,0.111880429433548,0.122359588113275,-4.91565342676629
318,"Q29974|2B1G_HUMAN","HLA class II histocompatibility antigen, DRB1-16 beta chain OS=Homo sapiens GN=HLA-DRB1 PE=1 SV=1",-0.672517209766927,17.8652528569919,-1.76033584729022,0.111880429433548,0.122359588113275,-4.91565342676629
374,"Q8IV08|PLD3_HUMAN","Phospholipase D3 OS=Homo sapiens GN=PLD3 PE=1 SV=1",-2.5287175741898,10.3285688457278,-1.60467421579742,0.142704149421415,0.149294696630429,-5.12852465251066
208,"P08575|PTPRC_HUMAN","Receptor-type tyrosine-protein phosphatase C OS=Homo sapiens GN=PTPRC PE=1 SV=2",-2.84462954730605,11.3450866732729,-1.60572622105081,0.142901724734415,0.149294696630429,-5.1274304331356
172,"O15427|MOT4_HUMAN","Monocarboxylate transporter 4 OS=Homo sapiens GN=SLC16A3 PE=1 SV=1",-0.931812277517221,13.7227035931409,-1.96655690177488,0.0804803691556971,0.102406110752602,-4.61995243263462
248,"P05538|DQB2_HUMAN","HLA class II histocompatibility antigen, DQ beta 2 chain OS=Homo sapiens GN=HLA-DQB2 PE=1 SV=2",-0.875183806458297,13.9144823387968,-2.56880954896543,0.0300236108711967,0.0398641254711207,-3.70012321229085
247,"Q8NHJ6|LIRB4_HUMAN","Leukocyte immunoglobulin-like receptor subfamily B member 4 OS=Homo sapiens GN=LILRB4 PE=1 SV=3",-0.544443864075689,8.38647498564479,-0.165991826443954,0.872112619673719,0.874314924268855,-6.32879705612719
283,"Q9H3Z4|DNJC5_HUMAN","DnaJ homolog subfamily C member 5 OS=Homo sapiens GN=DNAJC5 PE=1 SV=1",-0.663285576290685,9.81907150693723,-0.272008849963385,0.79178619820163,0.795884955692708,-6.30401744037917
238,"P11215|ITAM_HUMAN","Integrin alpha-M OS=Homo sapiens GN=ITGAM PE=1 SV=2",-1.09286996423328,11.6489240141127,-2.0434904748415,0.0710614939122526,0.0912990714665511,-4.50636506709836
128,"P13747|HLAE_HUMAN","HLA class I histocompatibility antigen, alpha chain E OS=Homo sapiens GN=HLA-E PE=1 SV=3",-1.03426666052556,12.4217471266414,-1.48414031361273,0.171607050673033,0.178345547427209,-5.28595662554643
443,"P20701|ITAL_HUMAN","Integrin alpha-L OS=Homo sapiens GN=ITGAL PE=1 SV=3",0.696084585304649,5.58487208432488,0.364705943938794,0.723673935299687,0.732904470188713,-6.27267753023609
278,"P08648|ITA5_HUMAN","Integrin alpha-5 OS=Homo sapiens GN=ITGA5 PE=1 SV=2",-3.62514456361985,10.3989083438133,-2.43982481019951,0.037131741563368,0.0486511597381422,-3.9016116913303
299,"P20702|ITAX_HUMAN","Integrin alpha-X OS=Homo sapiens GN=ITGAX PE=1 SV=3",-3.9935125495238,8.14755104951919,-1.74491179562502,0.117573270432974,0.127496803999717,-4.94166691202253
